expected_combinatorial_lfc,Euclidean_distance_expexted_observed,highist_expression,lowest_expression,Euclidean_distance_expresstion,expre_Correlation,dep_Correlation,Jaccard BP Similarity,Jaccard MF Similarity,Average Wang BP Similarity,Average Wang MF Similarity,Average Wang CC Similarity,pscore,ascore,Jaccard Index_commun_proteins,Number of Common Proteins,True_Label,Predicted_Label,Probability_Class_1,Class_label_sum,Class_label_exp,Class_label_dep,Class_label_corr,cell_line,condition,Gene_combination
-0.6198478568160066,0.4377988995076436,7.426640743424818,6.367169770698271,1.0594709727265466,0.1491438388486909,0.0296491312181992,0.3846153846153846,0.6428571428571429,0.3025535961572123,0.3258507864753251,0.4128140027435322,0.053,0.064,0.6666666666666666,8,1,1,0.99,no GI,GI,no GI,no GI,Meljuso,2CP sel,PFKM_PFKP
-8.764911788268963,5.10881243874023,7.919390817489473,6.596556725987577,1.322834091501896,0.3344098646567494,0.2619202815717718,0.2857142857142857,0.6666666666666666,0.2195149586954268,0.3180399492406027,0.3689296690072931,0.083,0.858,0.0,0,1,1,0.99,lol,GI,GI,no GI,A375,2CP,PSMC4_PSMC6
-6.737108682680589,4.082035624840387,7.605290170531717,6.600121649525982,1.0051685210057348,0.3344098646567494,0.2619202815717718,0.2857142857142857,0.6666666666666666,0.2195149586954268,0.3180399492406027,0.3689296690072931,0.083,0.858,0.0,0,1,1,0.99,lol,GI,GI,no GI,Meljuso,2CP sel,PSMC4_PSMC6
-1.3202893048843298,0.2558770853168244,4.92593705490742,3.9503781579374886,0.9755588969699316,0.6628426622852219,0.33667305763166,0.7777777777777778,0.6666666666666666,0.4515221702860253,0.4207010916692741,0.5807385186229942,0.054,0.282,0.1764705882352941,3,1,1,0.98,no GI,GI,GI,GI,Meljuso,2CP sel,NFIC_NFIX
-1.4320049954616043,0.3191325998358341,6.663720670422312,5.43358960869659,1.2301310617257224,0.29821888240488,0.1913654656857509,0.3214285714285714,0.6153846153846154,0.2060673519643016,0.4375206463999139,0.4312132866777097,0.059,0.097,0.5384615384615384,7,0,1,0.97,no GI,no GI,no GI,no GI,A375,2CP,FXR1_FXR2
-2.3460329947848715,1.2180215586116203,6.140538955759226,4.032938911816,2.1076000439432256,0.351889634786118,0.212367687557317,0.1428571428571428,0.6,0.2621636799590988,0.5547357873817014,0.4295324602822033,0.074,0.063,0.4285714285714285,6,1,1,0.96,no GI,GI,GI,no GI,Meljuso,2CP sel,ATXN2_ATXN2L
-0.9076008722900002,0.6893289654144655,6.228457600234246,6.082957335066634,0.1455002651676116,0.1491438388486909,0.0296491312181992,0.3846153846153846,0.6428571428571429,0.3025535961572123,0.3258507864753251,0.4128140027435322,0.053,0.064,0.6666666666666666,8,1,1,0.96,no GI,GI,no GI,no GI,A375,2CP,PFKM_PFKP
-0.0565279364368706,0.2213479700360632,4.943025751409301,4.854468920398583,0.0885568310107176,0.6628426622852219,0.33667305763166,0.7777777777777778,0.6666666666666666,0.4515221702860253,0.4207010916692741,0.5807385186229942,0.054,0.282,0.1764705882352941,3,1,1,0.96,no GI,GI,GI,GI,A375,2CP,NFIC_NFIX
-0.899855834319147,0.0156418126643629,4.476738402844707,4.358394467959486,0.1183439348852211,0.4845955058053899,0.5079836077025045,0.21875,0.8125,0.1563862365894881,0.3416122290024997,0.5016363078474223,0.075,0.131,0.4285714285714285,6,1,1,0.94,no GI,GI,GI,no GI,Meljuso,2CP sel,EHMT1_EHMT2
-0.2598846067239371,0.3402817405848288,5.029635577901793,3.81180135046237,1.2178342274394232,0.0663679459235607,-0.0169614706399623,0.6153846153846154,1.0,0.3389901085784742,0.3325345186148892,0.5214109637621576,0.051,0.042,0.4285714285714285,6,1,1,0.94,no GI,GI,no GI,no GI,Meljuso,2CP sel,SLC25A12_SLC25A13
-1.0737114554385974,1.502923948397263,6.098170041889446,4.600142362636939,1.4980276792525071,0.7353887794377135,0.0569390748720548,0.15,0.6,0.2352121608353102,0.382043355176187,0.3889063837180361,0.054,0.255,0.3333333333333333,5,1,1,0.94,no GI,GI,no GI,GI,A375,2CP,TOR1A_TOR1B
-2.671015257648908,1.2316835564693558,7.064734100995787,6.148668697447599,0.9160654035481884,0.2701680336227693,0.0536780862690436,0.8,0.75,0.4512678048611508,0.7171761558326106,0.3765928945361049,0.049,0.197,0.6666666666666666,8,1,1,0.94,no GI,GI,no GI,no GI,A375,2CP,CAPZA1_CAPZA2
-0.8344897618432577,0.9864994795696131,6.41237060205161,5.68019040641807,0.7321801956335392,0.2310389049438305,0.3273878921767276,0.2884615384615384,0.4444444444444444,0.1485185158721665,0.3382970001485272,0.3636194602862763,0.054,0.097,0.3333333333333333,5,1,1,0.94,no GI,GI,GI,no GI,A375,2CP,GSK3A_GSK3B
-0.1566880753405228,0.3867650443407301,3.814077250713558,3.483909446673687,0.330167804039871,0.0148276111648349,-0.0364318652160861,0.3076923076923077,1.0,0.1732456061054972,0.6360104478930007,0.41834765372241,0.061,0.0,0.1111111111111111,2,1,1,0.94,no GI,GI,no GI,no GI,Meljuso,2CP sel,MAPRE2_MAPRE3
0.1858100453664006,1.5770424362091493,5.204957922875473,4.197245494252604,1.0077124286228694,0.7353887794377135,0.0569390748720548,0.15,0.6,0.2352121608353102,0.382043355176187,0.3889063837180361,0.054,0.255,0.3333333333333333,5,1,1,0.94,GI,GI,no GI,GI,Meljuso,2CP sel,TOR1A_TOR1B
-3.156153265947061,1.805375046160462,5.944507897725116,4.777775445160324,1.1667324525647924,0.4914230743166384,0.0067692136665559,0.1764705882352941,0.75,0.2517094384409306,0.3120795174104743,0.3693854598733078,0.067,0.073,0.1764705882352941,3,1,1,0.94,GI,GI,no GI,no GI,A375,2CP,KIF2A_KIF2C
-0.9739736809506756,0.6302863486797793,6.9927282554069645,5.189859048988314,1.8028692064186504,0.29821888240488,0.1913654656857509,0.3214285714285714,0.6153846153846154,0.2060673519643016,0.4375206463999139,0.4312132866777097,0.059,0.097,0.5384615384615384,7,0,1,0.94,no GI,no GI,no GI,no GI,Meljuso,2CP sel,FXR1_FXR2
-3.450017443142655,1.2782245022491536,6.449139505127348,4.957380863118312,1.491758642009036,0.351889634786118,0.212367687557317,0.1428571428571428,0.6,0.2621636799590988,0.5547357873817014,0.4295324602822033,0.074,0.063,0.4285714285714285,6,1,1,0.93,no GI,GI,GI,no GI,A375,2CP,ATXN2_ATXN2L
-0.9269941331419262,0.8492061870935911,7.235006558892765,6.29224384055267,0.9427627183400952,0.2041490804762342,-0.0159345653242092,0.1923076923076923,0.3684210526315789,0.3694014474337038,0.3820635887583251,0.3988585211021921,0.064,0.108,0.25,4,1,1,0.93,no GI,GI,no GI,no GI,Meljuso,2CP sel,SLC1A4_SLC1A5
0.5331121558414587,1.8113425070306972,6.0702716890243495,4.456281518973592,1.6139901700507575,0.2310389049438305,0.3273878921767276,0.2884615384615384,0.4444444444444444,0.1485185158721665,0.3382970001485272,0.3636194602862763,0.054,0.097,0.3333333333333333,5,1,1,0.93,GI,GI,GI,no GI,Meljuso,2CP sel,GSK3A_GSK3B
-3.394543907326004,1.1662051540470468,5.961937368895786,3.978834099878618,1.983103269017168,0.1149738497575901,0.0592795492701661,0.1111111111111111,0.8,0.2790315147642984,0.3873335848555114,0.5242138477164081,0.053,0.074,0.25,4,1,1,0.92,no GI,GI,no GI,no GI,A375,2CP,UBE2Q1_UBE2Q2
-2.576519646742045,0.7091166325406402,4.299948870506718,4.024446263789349,0.2755026067173691,0.2340116820176871,0.1376868526088863,0.5,1.0,0.2926443003024893,0.4938345907117064,0.4779136737812383,0.057,0.085,0.3333333333333333,5,1,1,0.92,no GI,GI,no GI,no GI,Meljuso,2CP sel,RPRD1A_RPRD1B
-1.0414836141728865,2.3033547727466708,4.975747263102674,4.815771579909706,0.1599756831929681,0.2612414521632428,-0.1022417909687039,0.4285714285714285,1.0,0.2182629375696694,0.4452898176915084,0.574465040476604,0.056,0.096,0.3333333333333333,5,1,1,0.92,GI,GI,no GI,no GI,A375,2CP,YTHDF1_YTHDF3
-2.162960368692379,0.8605481029447399,6.304507184843952,6.053204239719215,0.2513029451247366,0.2701680336227693,0.0536780862690436,0.8,0.75,0.4512678048611508,0.7171761558326106,0.3765928945361049,0.049,0.197,0.6666666666666666,8,1,1,0.92,no GI,GI,no GI,no GI,Meljuso,2CP sel,CAPZA1_CAPZA2
-0.5865522420440143,0.7612771069593995,4.918925304649246,4.7289421065041,0.1899831981451463,0.4845955058053899,0.5079836077025045,0.21875,0.8125,0.1563862365894881,0.3416122290024997,0.5016363078474223,0.075,0.131,0.4285714285714285,6,1,1,0.91,no GI,GI,GI,no GI,A375,2CP,EHMT1_EHMT2
-2.6279379845594635,0.9364167830668926,5.263214670717051,3.85258710429298,1.4106275664240715,0.1847034594138985,0.0870464747812087,0.0,1.0,0.1353504554768775,0.590457804743519,0.4272365672037272,0.048,0.084,0.4285714285714285,6,1,1,0.91,no GI,GI,no GI,no GI,A375,2CP,PPP2R2A_PPP2R2D
-1.4819077102390938,0.5744662274992647,4.623690463757192,4.059065483032428,0.5646249807247639,0.3986021350941455,0.0754098723903668,0.1666666666666666,0.5454545454545454,0.2208702810856829,0.2650434245505441,0.4365998989115651,0.075,0.154,0.25,4,0,1,0.91,no GI,no GI,no GI,no GI,Meljuso,2CP sel,KDM3A_KDM3B
-0.2162825885695718,0.1979444675302031,4.312671697050343,2.9334452519247627,1.37922644512558,0.4886396839470373,0.0408964418077379,0.3333333333333333,0.7142857142857143,0.8164863770095437,0.3589178091044116,0.454318941002015,0.067,0.084,0.25,4,1,1,0.91,no GI,GI,no GI,no GI,A375,2CP,ZKSCAN1_ZNF397
-0.3439969333165018,0.6944952398284021,3.943301140984562,3.477584388657857,0.4657167523267054,0.5996560666338948,0.1931731139037811,0.1538461538461538,0.6666666666666666,0.1948162386707699,0.7480692329763804,0.6602150435572556,0.05,0.247,0.5384615384615384,7,1,1,0.91,no GI,GI,no GI,no GI,A375,2CP,BTN2A1_BTN2A2
0.5076445339310084,0.7372395177447161,4.836802908861006,4.413053778809398,0.4237491300516076,0.5996560666338948,0.1931731139037811,0.1538461538461538,0.6666666666666666,0.1948162386707699,0.7480692329763804,0.6602150435572556,0.05,0.247,0.5384615384615384,7,1,1,0.91,no GI,GI,no GI,no GI,Meljuso,2CP sel,BTN2A1_BTN2A2
-0.5925254739141022,0.1290899229415749,4.609727225695042,3.051235413174796,1.5584918125202458,0.0663679459235607,-0.0169614706399623,0.6153846153846154,1.0,0.3389901085784742,0.3325345186148892,0.5214109637621576,0.051,0.042,0.4285714285714285,6,1,1,0.9,no GI,GI,no GI,no GI,A375,2CP,SLC25A12_SLC25A13
-1.393821518637706,0.5385863469198202,4.302401551330616,1.0854072810119333,3.216994270318683,-0.0193171726401099,0.042444766796034,0.2941176470588235,0.4,0.312933367489799,0.4444456784310799,0.4161663535241592,0.059,0.0,0.25,4,1,1,0.9,no GI,GI,no GI,no GI,Meljuso,2CP sel,LRRC8A_LRRC8B
-3.4756831580508845,0.5892366790954133,7.0120461034609605,5.091306206954471,1.9207398965064897,0.230891046716868,0.0553708603503984,0.5,0.6111111111111112,0.2631631808373817,0.2743532901699914,0.3639787016870145,0.055,0.162,0.8181818181818182,9,0,1,0.9,no GI,no GI,no GI,no GI,Meljuso,2CP sel,CHD3_CHD4
-1.128247683712673,3.4351238413704355,5.347630868754494,4.647743187492174,0.6998876812623198,0.4003288853562953,0.1918317449950722,0.7222222222222222,0.8571428571428571,0.2197061816782171,0.3376487711897233,0.3889611493660983,0.0,0.0,0.8181818181818182,9,1,1,0.89,GI,GI,no GI,no GI,A375,2CP,SAR1A_SAR1B
-3.106984966417267,1.995113492972234,2.8510591776536787,2.7005051995062264,0.1505539781474523,0.336010562907008,0.1547450940074836,0.45,0.6666666666666666,0.2079028300976104,0.4565227880019395,0.3601354450950484,0.05,0.059,0.6666666666666666,8,1,1,0.89,no GI,GI,no GI,no GI,A375,2CP,AGO3_AGO4
-1.1915038058570242,0.8933170003708888,2.4917135945756503,2.0706382435905897,0.4210753509850606,0.3334324803310226,-0.0211805526830751,0.2727272727272727,0.8333333333333334,0.2405521877284767,0.4565705034891387,0.3600395846821673,0.056,0.055,0.3333333333333333,5,0,1,0.89,no GI,no GI,no GI,no GI,A375,2CP,PDK1_PDK3
1.9359488437119936,0.7964618846075833,5.083333218147757,4.615404659240017,0.4679285589077402,0.0941048365436232,0.0172659524207529,0.4,0.6,0.2697470889103018,0.6116258846468962,0.4068700180844994,0.058,0.067,0.3333333333333333,5,1,1,0.89,no GI,GI,no GI,no GI,Meljuso,2CP sel,KCTD17_KCTD5
-2.2484610534321265,0.7882147777358655,5.209247254673175,4.26693493295862,0.9423123217145556,0.1847034594138985,0.0870464747812087,0.0,1.0,0.1353504554768775,0.590457804743519,0.4272365672037272,0.048,0.084,0.4285714285714285,6,1,1,0.89,no GI,GI,no GI,no GI,Meljuso,2CP sel,PPP2R2A_PPP2R2D
-2.174232921442961,0.6530727051052989,5.741198638395957,3.5172937797467023,2.223904858649255,0.1480662239330883,0.0147264877096569,0.6,1.0,0.5717877332710172,0.5276936070901379,0.4243381346680784,0.059,0.049,0.0526315789473684,1,1,1,0.89,no GI,GI,no GI,no GI,Meljuso,2CP sel,SAMD4A_SAMD4B
-0.902626248450726,0.7140758627491665,3.2562030040167267,2.695069019977202,0.5611339840395249,0.3334324803310226,-0.0211805526830751,0.2727272727272727,0.8333333333333334,0.2405521877284767,0.4565705034891387,0.3600395846821673,0.056,0.055,0.3333333333333333,5,0,1,0.89,no GI,no GI,no GI,no GI,Meljuso,2CP sel,PDK1_PDK3
-0.0031372682448835,2.2164886785846605,4.995221196662305,3.922619738227232,1.0726014584350732,0.2606798582374569,0.1962225445690568,0.2142857142857142,0.5,0.1974542904202215,0.3253958797667178,0.3392220699969514,0.06,0.0,0.4285714285714285,6,1,1,0.88,GI,GI,no GI,no GI,A375,2CP,RING1_RNF2
-2.993766803580606,0.2085265934700686,6.155017782226036,4.428522682835994,1.726495099390042,0.4914230743166384,0.0067692136665559,0.1764705882352941,0.75,0.2517094384409306,0.3120795174104743,0.3693854598733078,0.067,0.073,0.1764705882352941,3,1,1,0.88,no GI,GI,no GI,no GI,Meljuso,2CP sel,KIF2A_KIF2C
-3.551569032022712,0.1921118831352473,4.864084615668188,3.9789137474303424,0.8851708682378452,0.3986021350941455,0.0754098723903668,0.1666666666666666,0.5454545454545454,0.2208702810856829,0.2650434245505441,0.4365998989115651,0.075,0.154,0.25,4,0,1,0.88,no GI,no GI,no GI,no GI,A375,2CP,KDM3A_KDM3B
-1.2177910141197277,0.5014978584586904,4.489869600591415,2.6914010005750004,1.798468600016415,0.2730328350956769,0.0549370662615377,0.1428571428571428,0.4285714285714285,0.2262778825109185,0.5141467915644535,0.4342314042901313,0.059,0.0,0.1111111111111111,2,1,1,0.88,no GI,GI,no GI,no GI,A375,2CP,RUFY1_RUFY2
-0.1081722910445596,0.0627484503668463,2.99554685846432,1.8645750471605769,1.1309718113037432,0.4886396839470373,0.0408964418077379,0.3333333333333333,0.7142857142857143,0.8164863770095437,0.3589178091044116,0.454318941002015,0.067,0.084,0.25,4,1,1,0.88,no GI,GI,no GI,no GI,Meljuso,2CP sel,ZKSCAN1_ZNF397
-0.4716174792072105,1.465866670025802,5.144665336799603,3.0806381735608346,2.064027163238769,0.2612414521632428,-0.1022417909687039,0.4285714285714285,1.0,0.2182629375696694,0.4452898176915084,0.574465040476604,0.056,0.096,0.3333333333333333,5,1,1,0.88,GI,GI,no GI,no GI,Meljuso,2CP sel,YTHDF1_YTHDF3
-1.6336230777590963,0.2616319552285673,4.725015045039404,2.790706300434151,1.9343087446052527,0.2730328350956769,0.0549370662615377,0.1428571428571428,0.4285714285714285,0.2262778825109185,0.5141467915644535,0.4342314042901313,0.059,0.0,0.1111111111111111,2,1,1,0.88,no GI,GI,no GI,no GI,Meljuso,2CP sel,RUFY1_RUFY2
-0.9544693491383234,0.1782871613737828,8.350622772391798,7.455934687241445,0.8946880851503529,0.472218350377901,0.1943011258360477,0.4,0.7777777777777778,0.28029230011871,0.4753023168396529,0.3619394981012866,0.051,0.244,0.4285714285714285,6,1,1,0.87,no GI,GI,no GI,no GI,A375,2CP,TPM2_TPM4
-0.2058109396180805,0.4537018892990012,8.546746992395981,6.281906207411909,2.264840784984072,0.1064312193754072,0.16664799408403,0.1428571428571428,0.75,0.4382974509223946,0.459072712022303,0.5320835997978255,0.076,0.074,0.5384615384615384,7,1,1,0.87,no GI,GI,no GI,no GI,Meljuso,2CP sel,SAT1_SAT2
-0.3805842632923242,0.1305438046740502,2.9954966186405696,2.5689715942261064,0.4265250244144631,0.2591086527651043,0.0437164645171608,0.0909090909090909,0.8,0.2735945924081072,0.4186801276345416,0.3465458362716459,0.056,0.056,0.0526315789473684,1,1,1,0.87,no GI,GI,no GI,no GI,A375,2CP,RAB22A_RAB31
0.297691455139043,0.8418417307704231,6.223691208503185,5.785961880379994,0.4377293281231909,0.0788094519913827,0.0678280754439259,0.6666666666666666,0.75,0.3458657264662144,0.5165659741268992,0.5074423490617982,0.05,0.138,0.5384615384615384,7,1,1,0.87,no GI,GI,no GI,no GI,A375,2CP,PYCR1_PYCR2
-1.5287512305200184,1.6342097140193654,6.001007153470567,3.6722808815286334,2.328726271941933,0.1693708444678501,-0.0001144755153014,0.75,1.0,0.3659077481287092,0.4878433968018367,0.5247004041114203,0.049,0.083,0.5384615384615384,7,1,1,0.87,GI,GI,no GI,no GI,A375,2CP,GNPDA1_GNPDA2
-0.5957908059094257,0.5809610380696342,4.518194338244215,2.177994930218294,2.340199408025921,0.3145281739050517,0.1559905410807684,0.6666666666666666,0.75,0.3572673860522109,0.6192316733518904,0.3976423349048577,0.049,0.047,0.4285714285714285,6,1,1,0.87,no GI,GI,no GI,no GI,Meljuso,2CP sel,SPOP_SPOPL
0.0975405787082757,0.3049574034090365,4.306757454635907,3.073089151147072,1.2336683034888347,0.4271686812771285,-0.0354407956240387,0.0909090909090909,0.75,0.161473610960577,0.4507849528593224,0.4383900947855195,0.055,0.162,0.25,4,1,1,0.87,no GI,GI,no GI,no GI,Meljuso,2CP sel,CRMP1_DPYSL3
-1.6796077508253568,0.3858645755170009,8.094024462874005,6.907000082760299,1.187024380113706,0.3547915049778251,-0.0101020153929118,0.2222222222222222,0.6428571428571429,0.1973982927558938,0.2921514162459392,0.3562227944411879,0.051,0.525,0.1764705882352941,3,0,1,0.87,no GI,no GI,no GI,no GI,A375,2CP,VDAC1_VDAC2
-0.4891691436021682,0.9998175921078872,6.643935904011757,4.877939391173033,1.7659965128387238,0.2029927027832344,0.0645737740422955,0.4,0.75,0.3469727362138993,0.3431009467393968,0.3354832589625855,0.064,0.064,0.5384615384615384,7,1,1,0.87,no GI,GI,no GI,no GI,A375,2CP,NME3_NME4
0.2394899793956924,1.724670048375039,6.187734487776445,5.398513986531005,0.7892205012454401,-0.0053921695909031,0.2363758651430583,0.5,0.6666666666666666,0.2417385157517612,0.3555990160452323,0.3641526506352944,0.05,0.07,0.5384615384615384,7,1,1,0.87,GI,GI,GI,no GI,A375,2CP,CTBP1_CTBP2
0.2076850317460566,1.2225311872559084,3.549390299697448,2.0081159861551434,1.5412743135423046,0.4372578316226675,-0.0143417744741048,0.6,0.75,0.3672840974838912,0.6726824361743399,0.6502407938901591,0.056,0.055,0.4285714285714285,6,1,1,0.87,no GI,GI,no GI,no GI,A375,2CP,DNAJB4_DNAJB5
-1.2981363794834375,0.1417655882627926,4.580940598297516,0.8392262266564725,3.741714371641044,-0.0193171726401099,0.042444766796034,0.2941176470588235,0.4,0.312933367489799,0.4444456784310799,0.4161663535241592,0.059,0.0,0.25,4,1,1,0.86,no GI,GI,no GI,no GI,A375,2CP,LRRC8A_LRRC8B
-1.4058083736769236,0.7143448317739067,6.738118681240212,6.339696338414236,0.3984223428259756,0.1940328129311915,0.0463480187233359,0.6666666666666666,1.0,0.5645868963615404,0.5978650361028742,0.4302825105834931,0.049,0.06,0.4285714285714285,6,1,1,0.86,no GI,GI,no GI,no GI,A375,2CP,PTP4A1_PTP4A2
-1.3199056255080155,0.932178462587108,10.064238248395592,7.125843071321841,2.938395177073751,0.2981585804382424,0.2243571136111747,1.0,0.8,0.3889007429557825,0.4194454313756863,0.4011663685360706,0.051,0.074,0.4285714285714285,6,1,1,0.86,no GI,GI,GI,no GI,A375,2CP,MYL6_MYL6B
-1.6558293903172168,0.8482677052476253,4.992645596757487,4.2727853686499095,0.7198602281075779,0.24199177939289,0.0589131655611058,0.2903225806451613,0.4,0.1366535223587394,0.3735628349405847,0.3910476471095093,0.05,0.082,0.5384615384615384,7,0,1,0.86,no GI,no GI,no GI,no GI,Meljuso,2CP sel,CUL4A_CUL4B
0.3447578883263594,0.3595981907543136,5.268321844911148,2.403700589512683,2.8646212553984656,0.3145281739050517,0.1559905410807684,0.6666666666666666,0.75,0.3572673860522109,0.6192316733518904,0.3976423349048577,0.049,0.047,0.4285714285714285,6,1,1,0.86,no GI,GI,no GI,no GI,A375,2CP,SPOP_SPOPL
-1.086440832277705,0.8751866911501098,4.535395601284742,4.023957755462898,0.5114378458218445,0.496973486332011,0.0283338620915801,0.2142857142857142,0.5,0.1928925899248373,0.3667956070669972,0.411410141672303,0.06,0.11,0.25,4,1,1,0.86,no GI,GI,no GI,no GI,A375,2CP,TEAD2_TEAD4
-0.2801161737413915,0.9948741103122868,3.833302389300704,3.156348460244822,0.6769539290558817,0.3004922266594093,-0.0349466049226319,0.2272727272727272,0.2222222222222222,0.1861734528832236,0.4864629632105341,0.4074325814315384,0.056,0.0,0.1764705882352941,3,0,1,0.86,no GI,no GI,no GI,no GI,A375,2CP,APBB1_APBB2
1.2148269945448709,2.4689081203232783,6.013431645242447,5.425458196068457,0.5879734491739894,-0.0053921695909031,0.2363758651430583,0.5,0.6666666666666666,0.2417385157517612,0.3555990160452323,0.3641526506352944,0.05,0.07,0.5384615384615384,7,1,1,0.85,GI,GI,GI,no GI,Meljuso,2CP sel,CTBP1_CTBP2
-0.4797340324486943,1.1259936087682345,7.937386531262399,7.119594994457709,0.8177915368046893,0.3520864640359514,0.0662424489048926,0.25,0.6,0.279809585954095,0.6171283479657609,0.3346678286290728,0.054,0.105,0.8181818181818182,9,0,1,0.85,no GI,no GI,no GI,no GI,Meljuso,2CP sel,ARPC1A_ARPC1B
-0.2083083386130395,0.5466643350533971,6.052343578028553,5.721699084811894,0.330644493216659,0.1064312193754072,0.16664799408403,0.1428571428571428,0.75,0.4382974509223946,0.459072712022303,0.5320835997978255,0.076,0.074,0.5384615384615384,7,1,1,0.85,no GI,GI,no GI,no GI,A375,2CP,SAT1_SAT2
-0.0131177065585834,0.7596567788534963,4.075662887474368,3.1873609972386925,0.8883018902356756,0.5982881117955527,0.0678725573918739,0.4347826086956521,0.3333333333333333,0.2095767730569445,0.5553959892886114,0.4469607860860534,0.099,0.067,0.1764705882352941,3,1,1,0.85,no GI,GI,no GI,no GI,A375,2CP,SNX33_SNX9
-2.6017827970931444,2.3732189844415426,5.812015404530539,2.3124109162968365,3.499604488233703,0.210063216041551,0.1111247508555937,0.5,0.6,0.2761159443756054,0.542612659453285,0.3883303118168486,0.0,0.0,0.3333333333333333,5,1,1,0.85,GI,GI,no GI,no GI,A375,2CP,NAPA_NAPB
0.4038027596434963,0.2061592585439829,2.800481233165337,2.379428119353255,0.4210531138120816,0.1667292031673798,-0.0336467014317102,0.4347826086956521,0.8,0.2671250930932704,0.4502993971200998,0.353914003391006,0.055,0.136,0.3333333333333333,5,1,1,0.84,no GI,GI,no GI,no GI,A375,2CP,SLC9A6_SLC9A7
-3.7449583251553946,1.7649785173538846,4.810494508414933,4.704786547798582,0.1057079606163506,0.2340116820176871,0.1376868526088863,0.5,1.0,0.2926443003024893,0.4938345907117064,0.4779136737812383,0.057,0.085,0.3333333333333333,5,1,1,0.84,no GI,GI,no GI,no GI,A375,2CP,RPRD1A_RPRD1B
0.013527477029411,0.2538263741958483,5.908224142274733,3.890451608412748,2.017772533861985,0.1693708444678501,-0.0001144755153014,0.75,1.0,0.3659077481287092,0.4878433968018367,0.5247004041114203,0.049,0.083,0.5384615384615384,7,1,1,0.84,no GI,GI,no GI,no GI,Meljuso,2CP sel,GNPDA1_GNPDA2
-3.1935491588768565,0.5023205287672345,7.805610038416532,7.05193405270529,0.7536759857112418,0.3520864640359514,0.0662424489048926,0.25,0.6,0.279809585954095,0.6171283479657609,0.3346678286290728,0.054,0.105,0.8181818181818182,9,0,1,0.84,no GI,no GI,no GI,no GI,A375,2CP,ARPC1A_ARPC1B
1.2213509347157154,0.0635113979425581,4.846434058027844,4.18545465824919,0.6609793997786539,0.0941048365436232,0.0172659524207529,0.4,0.6,0.2697470889103018,0.6116258846468962,0.4068700180844994,0.058,0.067,0.3333333333333333,5,1,1,0.84,no GI,GI,no GI,no GI,A375,2CP,KCTD17_KCTD5
0.2629481936242823,0.3173824217239373,4.974419238258897,2.754515538386835,2.219903699872062,0.5982881117955527,0.0678725573918739,0.4347826086956521,0.3333333333333333,0.2095767730569445,0.5553959892886114,0.4469607860860534,0.099,0.067,0.1764705882352941,3,1,1,0.84,no GI,GI,no GI,no GI,Meljuso,2CP sel,SNX33_SNX9
0.1573862652341397,0.2339542192281622,4.191903859662792,2.9334452519247627,1.2584586077380298,0.762633751063625,0.0963836319879829,0.5,0.5,0.5640261134111983,0.3489742560014993,0.4436889799043646,0.08,0.096,0.25,4,1,1,0.83,no GI,GI,no GI,GI,A375,2CP,ZNF24_ZNF397
0.2366096193306543,1.9290209520937285,4.224105130760995,3.980702774066134,0.2434023566948608,0.4675735728717874,0.0160548709370472,0.2941176470588235,0.8,0.2125098907202592,0.4328791811426555,0.4707446037504656,0.0,0.0,0.4285714285714285,6,1,1,0.83,GI,GI,no GI,no GI,A375,2CP,DOCK1_DOCK5
-0.9890801998498822,0.5826877628096152,3.139360653707836,2.5773582499301453,0.5620024037776905,0.1227725995011015,0.0808101427189035,0.2888888888888888,0.5454545454545454,0.1516977790476632,0.2957363489148665,0.4092024552793316,0.062,0.082,0.25,4,0,1,0.83,no GI,no GI,no GI,no GI,Meljuso,2CP sel,HDAC4_HDAC5
0.4530791579872936,0.4529342966167426,2.9334452519247627,1.0847595460153885,1.8486857059093744,0.4615831970281788,0.0438945484220018,0.25,0.625,0.7520357208227272,0.3722889809877806,0.4436889799043646,0.061,0.06,0.25,4,1,1,0.83,no GI,GI,no GI,no GI,A375,2CP,ZKSCAN4_ZNF397
0.1624854528240263,0.1340267432328473,5.049609804689253,3.300674646936294,1.748935157752959,0.3092581754665405,-0.0091653368546719,0.2857142857142857,0.4444444444444444,0.2523593051532669,0.394965892907894,0.4715740900637737,0.083,0.126,0.0,0,1,1,0.83,no GI,GI,no GI,no GI,Meljuso,2CP sel,USP11_USP4
0.2826051443571585,0.3264980700510262,2.436021205750263,2.152272853016316,0.2837483527339466,0.1667292031673798,-0.0336467014317102,0.4347826086956521,0.8,0.2671250930932704,0.4502993971200998,0.353914003391006,0.055,0.136,0.3333333333333333,5,1,1,0.83,no GI,GI,no GI,no GI,Meljuso,2CP sel,SLC9A6_SLC9A7
-0.8503364351911833,0.1457894680994356,7.073130750120653,4.307945634559131,2.765185115561522,0.2041490804762342,-0.0159345653242092,0.1923076923076923,0.3684210526315789,0.3694014474337038,0.3820635887583251,0.3988585211021921,0.064,0.108,0.25,4,1,1,0.83,no GI,GI,no GI,no GI,A375,2CP,SLC1A4_SLC1A5
-0.9240580617872614,0.7292073532710991,5.389475459706115,4.133258431924833,1.2562170277812816,0.3493345402258853,-0.0225082169745775,0.1818181818181818,0.4,0.1478124806963032,0.4650562467966234,0.4631342714434413,0.063,0.049,0.4285714285714285,6,1,1,0.83,no GI,GI,no GI,no GI,Meljuso,2CP sel,ARFIP1_ARFIP2
0.4905408787526349,0.4922876030882636,5.614322605614385,5.486776106923428,0.1275464986909567,0.0788094519913827,0.0678280754439259,0.6666666666666666,0.75,0.3458657264662144,0.5165659741268992,0.5074423490617982,0.05,0.138,0.5384615384615384,7,1,1,0.83,no GI,GI,no GI,no GI,Meljuso,2CP sel,PYCR1_PYCR2
-1.367363547119102,0.9084718837167458,2.826589769288406,2.6063234179172614,0.2202663513711447,0.336010562907008,0.1547450940074836,0.45,0.6666666666666666,0.2079028300976104,0.4565227880019395,0.3601354450950484,0.05,0.059,0.6666666666666666,8,1,1,0.82,GI,GI,no GI,no GI,Meljuso,2CP sel,AGO3_AGO4
0.3073127731049729,0.9083016016777689,3.843636474143512,3.706517247960148,0.1371192261833642,0.2388786153345498,0.0504638399606318,0.0833333333333333,0.5,0.2027217128178582,0.8009554140127388,0.4134197110932231,0.065,0.214,0.1111111111111111,2,1,1,0.82,no GI,GI,no GI,no GI,A375,2CP,MOAP1_PNMA1
-0.3136840701691323,0.4771978059541863,3.0676057927518823,1.6243911100148376,1.443214682737045,0.2591086527651043,0.0437164645171608,0.0909090909090909,0.8,0.2735945924081072,0.4186801276345416,0.3465458362716459,0.056,0.056,0.0526315789473684,1,1,1,0.82,no GI,GI,no GI,no GI,Meljuso,2CP sel,RAB22A_RAB31
-0.0312638302207599,1.334059464688044,1.159750185422772,0.7439480469577149,0.4158021384650572,0.8602657105882603,-0.0191727349712984,0.4,1.0,0.2545746159366417,0.7035300606729178,0.5605006286412281,0.08,0.805,0.5384615384615384,7,1,1,0.82,no GI,GI,no GI,GI,Meljuso,2CP sel,IFIT1_IFIT2
-1.289158535826063,0.6058141668913124,4.383838890855277,3.651418274036226,0.7324206168190504,-0.0376939165752783,0.0396358031489978,0.2580645161290322,0.5714285714285714,0.1818207784083798,0.3727719647827355,0.3714534212217808,0.062,0.0,0.1764705882352941,3,1,1,0.82,no GI,GI,no GI,no GI,A375,2CP,HIP1_HIP1R
-4.72763518870804,2.387480086450962,7.591379821329822,3.515213376132377,4.076166445197445,0.2881308538478445,0.2601302780140884,0.2307692307692307,0.8571428571428571,0.1886389251271176,0.3606742834039003,0.3566674966808009,0.076,0.0,0.6666666666666666,8,1,1,0.82,GI,GI,no GI,no GI,A375,2CP,SEPTIN5_SEPTIN7
-0.7836388840154487,0.2762238007352282,6.458233781597094,2.805215552630861,3.653018228966233,0.1669367738865197,0.1080723186297642,0.4,0.6,0.3221311002322577,0.3092911640284084,0.4415753170519845,0.063,0.151,0.4285714285714285,6,0,1,0.81,no GI,no GI,no GI,no GI,Meljuso,2CP sel,HSPA4L_HSPH1
1.1272404169986838,0.9498067057148114,4.333275925544441,4.144816123271148,0.188459802273293,0.3732262406258409,0.1422638120105691,1.0,1.0,0.8829782807689106,0.5482390175054497,0.4609038412105636,0.066,0.124,0.3333333333333333,5,0,1,0.81,no GI,no GI,no GI,no GI,A375,2CP,POGLUT2_POGLUT3
0.5865889428622961,0.4286137169858202,3.502358002089856,1.9468671502749184,1.5554908518149375,0.6186691100173568,0.0456844476878202,0.375,0.3529411764705882,0.1655903270128521,0.2955140391357699,0.4214962664815832,0.051,0.775,0.3333333333333333,5,1,1,0.81,no GI,GI,no GI,GI,A375,2CP,GBP1_GBP2
-0.3910096662206733,0.0788251660667699,5.97780902027314,3.6292849065946617,2.3485241136784785,0.1149738497575901,0.0592795492701661,0.1111111111111111,0.8,0.2790315147642984,0.3873335848555114,0.5242138477164081,0.053,0.074,0.25,4,1,1,0.81,no GI,GI,no GI,no GI,Meljuso,2CP sel,UBE2Q1_UBE2Q2
0.3079107131538403,0.2955619824027817,2.3120490967462053,1.8645750471605769,0.4474740495856284,0.4008959806544312,0.0470565732986782,0.5,0.7142857142857143,0.8178755087177316,0.3589178091044116,0.4654721294604168,0.064,0.055,0.4285714285714285,6,1,1,0.81,no GI,GI,no GI,no GI,Meljuso,2CP sel,ZNF232_ZNF397
-1.8220872855320125,1.792452327816444,3.908933687896597,3.876643530227219,0.0322901576693777,0.0148276111648349,-0.0364318652160861,0.3076923076923077,1.0,0.1732456061054972,0.6360104478930007,0.41834765372241,0.061,0.0,0.1111111111111111,2,1,1,0.8,no GI,GI,no GI,no GI,A375,2CP,MAPRE2_MAPRE3
0.789900910086486,0.110624387474892,9.593018035632284,5.986915869091344,3.606102166540939,0.2981585804382424,0.2243571136111747,1.0,0.8,0.3889007429557825,0.4194454313756863,0.4011663685360706,0.051,0.074,0.4285714285714285,6,1,1,0.8,no GI,GI,GI,no GI,Meljuso,2CP sel,MYL6_MYL6B
0.303729435633932,0.1927235743887658,3.80684254290547,3.779895084154452,0.0269474587510178,0.1235780786888161,0.1570802973928507,0.3333333333333333,0.4545454545454545,0.4568755932486504,0.3851055504179028,0.4434196687288818,0.055,0.086,0.5384615384615384,7,1,1,0.8,no GI,GI,no GI,no GI,Meljuso,2CP sel,MAFG_MAFK
-1.3757740537817884,0.5506777848373601,6.058427740611231,1.919925037133816,4.138502703477415,0.1480662239330883,0.0147264877096569,0.6,1.0,0.5717877332710172,0.5276936070901379,0.4243381346680784,0.059,0.049,0.0526315789473684,1,1,1,0.8,no GI,GI,no GI,no GI,A375,2CP,SAMD4A_SAMD4B
0.1439166090130309,0.0474264109530665,1.8645750471605769,1.0219530301130844,0.8426220170474925,0.4615831970281788,0.0438945484220018,0.25,0.625,0.7520357208227272,0.3722889809877806,0.4436889799043646,0.061,0.06,0.25,4,1,1,0.8,no GI,GI,no GI,no GI,Meljuso,2CP sel,ZKSCAN4_ZNF397
-1.5160814124911863,0.5602117392778235,7.309059639837772,5.323498719630273,1.9855609202074984,0.0196465111275229,0.0379556626791889,0.4285714285714285,0.875,0.2952399611571121,0.4789864125810687,0.6123532753087487,0.07,0.138,0.4285714285714285,6,1,1,0.79,no GI,GI,no GI,no GI,Meljuso,2CP sel,DNAJA2_DNAJA4
-1.1321229522853722,0.4539771526636116,4.843633796187989,4.244954700338373,0.598679095849616,-0.2530347102364061,0.0598708620836695,0.4,0.5,0.2871471576775807,0.4914335327012135,0.4499425908135265,0.05,0.055,0.3333333333333333,5,1,1,0.79,no GI,GI,no GI,no GI,A375,2CP,TLE3_TLE4
0.8049389698322573,0.1699371345776643,3.3467629364202494,2.225796605466756,1.1209663309534932,0.1927285053766257,0.2106219723861445,0.6470588235294118,0.9090909090909092,0.2099908697820058,0.3885508673042064,0.3994498593051823,0.112,0.256,0.25,4,1,1,0.79,no GI,GI,GI,no GI,A375,2CP,E2F7_E2F8
-0.4187158440554739,0.7318786394992878,5.917667807559242,4.171940737809807,1.7457270697494351,0.3455028192691544,-0.0465174732827754,0.3,0.5714285714285714,0.2336062869947386,0.4990347942518617,0.3989491795964277,0.0,0.074,0.0526315789473684,1,1,1,0.79,no GI,GI,no GI,no GI,A375,2CP,PDLIM5_PDLIM7
-1.9215225074563884,1.2387865467545698,0.8809779943655103,0.4590721250440155,0.4219058693214947,0.3816988278336789,0.0395660476206655,0.2727272727272727,0.3,0.2942200153168544,0.3721847115306008,0.4512867918978395,0.056,0.234,0.3333333333333333,5,1,1,0.79,GI,GI,no GI,no GI,Meljuso,2CP sel,NID1_NID2
-2.301966441226463,1.496007592110818,5.624856040225708,3.1195145620225784,2.50534147820313,0.2466809086677278,0.1036857225252857,0.5,1.0,0.8285793500588808,0.6934355367317679,0.5583616321836586,0.055,0.0,0.3333333333333333,5,1,1,0.79,GI,GI,no GI,no GI,A375,2CP,SSBP2_SSBP4
-0.6169474746406236,0.0697046770103126,4.767411586767223,3.880941680205293,0.8864699065619304,0.0946830765114735,0.1317368200848609,0.3,0.6666666666666666,0.2663468933387605,0.4247753513644969,0.3926785390871276,0.08,0.0,0.4285714285714285,6,0,1,0.79,no GI,no GI,no GI,no GI,Meljuso,2CP sel,MTF2_PHF1
0.0774323420755047,0.3649676056158541,4.001365987426443,2.9334452519247627,1.06792073550168,0.4008959806544312,0.0470565732986782,0.5,0.7142857142857143,0.8178755087177316,0.3589178091044116,0.4654721294604168,0.064,0.055,0.4285714285714285,6,1,1,0.79,no GI,GI,no GI,no GI,A375,2CP,ZNF232_ZNF397
0.5930860932347544,0.6735176533353355,3.755681916618228,2.7065834211032627,1.0490984955149654,0.1927285053766257,0.2106219723861445,0.6470588235294118,0.9090909090909092,0.2099908697820058,0.3885508673042064,0.3994498593051823,0.112,0.256,0.25,4,1,1,0.79,no GI,GI,GI,no GI,Meljuso,2CP sel,E2F7_E2F8
-0.3175268568787432,0.044557399304488,2.8648035644752947,2.607270087195581,0.2575334772797135,0.4372578316226675,-0.0143417744741048,0.6,0.75,0.3672840974838912,0.6726824361743399,0.6502407938901591,0.056,0.055,0.4285714285714285,6,1,1,0.79,no GI,GI,no GI,no GI,Meljuso,2CP sel,DNAJB4_DNAJB5
-0.4531357644724006,0.4854580126456589,2.994507356901103,2.038642400356544,0.9558649565445588,0.754218548776161,0.3543843117055487,1.0,1.0,0.9682073684515522,0.390245042943484,1.0,0.0,0.0,0.0769230769230769,1,1,1,0.79,no GI,GI,GI,GI,Meljuso,2CP sel,ZNF417_ZNF587
-1.345546397449404,0.4803952300069283,4.578616431954048,3.2562030040167267,1.3224134279373212,-0.0239922989506626,-0.0041699169252328,0.2,0.8333333333333334,0.2283214225442801,0.4047494736174228,0.3585585148157621,0.054,0.0,0.4285714285714285,6,0,1,0.78,no GI,no GI,no GI,no GI,Meljuso,2CP sel,PDK1_PDK2
-2.781891299532444,1.4264180207165584,8.435309373473801,4.792881973980545,3.642427399493257,0.2881308538478445,0.2601302780140884,0.2307692307692307,0.8571428571428571,0.1886389251271176,0.3606742834039003,0.3566674966808009,0.076,0.0,0.6666666666666666,8,1,1,0.78,GI,GI,no GI,no GI,Meljuso,2CP sel,SEPTIN5_SEPTIN7
1.3979706051975105,1.8090766900432769,4.999139530394981,3.8950510000230776,1.1040885303719032,0.3309759630444129,0.0901645874496652,0.5,0.6666666666666666,0.6113249487034631,0.4238174747982435,0.5165174628220691,0.048,0.054,0.5384615384615384,7,1,1,0.78,GI,GI,no GI,no GI,Meljuso,2CP sel,MOB1A_MOB1B
-1.7023056649132196,0.7091391476480103,4.00633672565134,2.753377764158513,1.2529589614928272,0.754218548776161,0.3543843117055487,1.0,1.0,0.9682073684515522,0.390245042943484,1.0,0.0,0.0,0.0769230769230769,1,1,1,0.78,no GI,GI,GI,GI,A375,2CP,ZNF417_ZNF587
-4.717939124724875,2.181333080736048,6.342734223465185,3.6783972403523193,2.664336983112866,0.4854515558635716,0.7069426719532479,0.0714285714285714,0.3846153846153846,0.0935999180345388,0.37500036620679,0.3918001429840355,0.0,0.0,0.1764705882352941,3,1,1,0.78,GI,GI,GI,no GI,Meljuso,2CP sel,EXT2_EXTL3
-4.441398958025912,1.6731984604510783,6.969679341961475,4.60429451893956,2.365384823021915,0.0873460657253516,0.0866160419439203,0.3125,0.5454545454545454,0.1834996045173462,0.3682443893055946,0.4133253458453266,0.0,0.0,0.4285714285714285,6,0,1,0.78,no GI,no GI,no GI,no GI,A375,2CP,ACSL3_ACSL4
0.8099794277615793,1.0739365204150126,4.38803735392261,3.553038709118617,0.834998644803993,0.0106462562134127,0.0656254924898308,0.6666666666666666,1.0,0.8229495683985486,0.3974768470153958,0.4044905159669911,0.073,0.0,0.1111111111111111,2,1,1,0.78,no GI,GI,no GI,no GI,A375,2CP,MXD3_MXI1
0.4758808790638214,0.524127322616021,5.82661740008137,4.388002883053815,1.4386145170275553,0.3493345402258853,-0.0225082169745775,0.1818181818181818,0.4,0.1478124806963032,0.4650562467966234,0.4631342714434413,0.063,0.049,0.4285714285714285,6,1,1,0.78,no GI,GI,no GI,no GI,A375,2CP,ARFIP1_ARFIP2
-2.0284434794002317,1.6031566238909474,4.923977873121894,3.1622352276859127,1.761742645435981,0.32870585426246,-0.022593195910551,0.3333333333333333,0.5,0.4042316685746183,0.5097432587174876,0.3845846888845725,0.0,0.0,0.3333333333333333,5,0,1,0.77,no GI,no GI,no GI,no GI,A375,2CP,RCOR1_RCOR3
0.8899221591586501,0.8370393976899694,5.754341139153888,3.3499906316386427,2.404350507515245,0.2328997587221248,0.246982759170844,0.5,0.4285714285714285,0.3194905996979869,0.487066590676469,0.5825349056746143,0.078,0.084,0.6666666666666666,8,1,1,0.77,no GI,GI,GI,no GI,A375,2CP,TNFRSF10A_TNFRSF10B
-0.0808045893655191,0.2603746100894075,4.260310606806923,1.8645750471605769,2.3957355596463463,0.762633751063625,0.0963836319879829,0.5,0.5,0.5640261134111983,0.3489742560014993,0.4436889799043646,0.08,0.096,0.25,4,1,1,0.77,no GI,GI,no GI,GI,Meljuso,2CP sel,ZNF24_ZNF397
-1.3122549468493,0.8758539027689787,4.943025751409301,3.217915696559474,1.7251100548498264,0.3035106014274286,0.0541137384775759,0.1333333333333333,0.8571428571428571,0.1333614624680454,0.4109553608104683,0.5176198658195811,0.057,0.213,0.25,4,1,1,0.77,no GI,GI,no GI,no GI,A375,2CP,NFIB_NFIX
-0.9601233014159424,0.6482537255333638,3.804110941392746,3.070805768179163,0.7333051732135831,-0.1769867759734201,0.0063351944208448,0.4285714285714285,0.5,0.2241618826548105,0.4021618533268812,0.3845390162206361,0.076,0.0,0.1764705882352941,3,1,1,0.77,no GI,GI,no GI,no GI,A375,2CP,INPP5B_OCRL
0.1248144639160166,0.3651966007072985,7.134067114162415,3.022013004363332,4.112054109799082,0.2364026920766168,-0.0377789013597943,0.4285714285714285,0.7777777777777778,0.4511058391912506,0.4067012167928085,0.4118194810249511,0.056,0.043,0.8181818181818182,9,1,1,0.77,no GI,GI,no GI,no GI,A375,2CP,MTHFD2_MTHFD2L
-0.3474532958075906,0.1558437912654109,6.778119339007302,6.221035343418575,0.5570839955887266,0.2450621907070129,-0.0125489629124261,0.2,1.0,0.2128483477613233,0.4962292961826351,0.3741512517229873,0.0,0.0,0.0526315789473684,1,0,1,0.77,no GI,no GI,no GI,no GI,Meljuso,2CP sel,ITM2B_ITM2C
-0.6226109699708359,0.7956919900110042,5.831142356596201,2.7714917370111256,3.059650619585076,0.0250584917039995,0.0760308609189491,0.75,1.0,0.2983277484099738,0.9072700296735904,0.439377447443753,0.057,0.0,0.25,4,1,1,0.77,no GI,GI,no GI,no GI,Meljuso,2CP sel,TSPAN14_TSPAN5
0.3813117123043134,0.6168053213726221,5.5200938552708205,3.221933579986944,2.2981602752838763,0.3309759630444129,0.0901645874496652,0.5,0.6666666666666666,0.6113249487034631,0.4238174747982435,0.5165174628220691,0.048,0.054,0.5384615384615384,7,1,1,0.77,no GI,GI,no GI,no GI,A375,2CP,MOB1A_MOB1B
0.3880981330468089,0.0829865853294549,4.0969591854767575,3.467551449970326,0.6294077355064314,-0.2530347102364061,0.0598708620836695,0.4,0.5,0.2871471576775807,0.4914335327012135,0.4499425908135265,0.05,0.055,0.3333333333333333,5,1,1,0.77,no GI,GI,no GI,no GI,Meljuso,2CP sel,TLE3_TLE4
-0.4566308142945248,0.1358089281935062,1.7000939372995254,0.9361375967134355,0.7639563405860899,0.1307500878832565,0.0184766922908956,0.1538461538461538,0.5,0.1433228399276284,0.9072700296735904,0.5312741557565591,0.079,0.042,0.0,0,1,1,0.76,no GI,GI,no GI,no GI,Meljuso,2CP sel,LRIG1_LRIG2
-1.5339626331469436,0.3045954042097092,3.809432352631388,2.894630835753653,0.9148015168777346,0.1765809942646383,0.0746943806741504,0.1276595744680851,0.631578947368421,0.1604197504839258,0.3271494243306153,0.3617374396063409,0.055,0.049,0.1764705882352941,3,0,1,0.76,no GI,no GI,no GI,no GI,Meljuso,2CP sel,ACVR1B_TGFBR1
-0.7910897748087966,0.2859227985457766,4.192175144060405,3.94391307761224,0.2482620664481651,0.0946830765114735,0.1317368200848609,0.3,0.6666666666666666,0.2663468933387605,0.4247753513644969,0.3926785390871276,0.08,0.0,0.4285714285714285,6,0,1,0.76,no GI,no GI,no GI,no GI,A375,2CP,MTF2_PHF1
-2.723739515217777,0.2788667894834291,6.918579785148356,5.783031123215132,1.135548661933225,0.1378555364844285,-0.1903776753841962,0.5714285714285714,0.45,0.2240232691771422,0.2768090708539683,0.3585761720338025,0.052,0.055,0.4285714285714285,6,0,1,0.76,no GI,no GI,no GI,no GI,A375,2CP,SMARCA2_SMARCA4
-0.647721425364089,1.339837787383505,4.127417514282348,4.064390516950112,0.0630269973322352,0.253478593326045,-0.0575431991056557,0.375,0.75,0.5054882773384317,0.434816082426907,0.5647220926321729,0.117,0.059,0.3333333333333333,5,1,1,0.76,no GI,GI,no GI,no GI,A375,2CP,ELF1_ELF2
1.4326801429315157,0.6663101823397155,1.8503756307798536,1.7214882804991016,0.1288873502807519,0.8602657105882603,-0.0191727349712984,0.4,1.0,0.2545746159366417,0.7035300606729178,0.5605006286412281,0.08,0.805,0.5384615384615384,7,1,1,0.76,no GI,GI,no GI,GI,A375,2CP,IFIT1_IFIT2
-1.4501084146214471,1.517174458174793,3.8215463427002487,3.5617099122645497,0.259836430435699,0.2378219429266801,0.0596355392631411,0.375,0.875,0.2941777212861434,0.3563725727648777,0.366982519259448,0.0,0.0,0.1764705882352941,3,0,1,0.76,no GI,no GI,no GI,no GI,A375,2CP,RNF19A_RNF19B
-5.247443510948505,1.8011153225012049,5.58665678543447,3.346647462518437,2.240009322916033,0.1640950942833119,-0.0215903809738818,0.1509433962264151,0.4666666666666667,0.1562860758208442,0.3668616273049612,0.4482073430190673,0.063,0.0,0.5384615384615384,7,0,1,0.76,no GI,no GI,no GI,no GI,A375,2CP,ARAF_BRAF
-1.1774065366230688,0.2628392088887136,4.223074892967047,3.933916488445572,0.2891584045214754,0.303419699034897,0.1033699982785364,0.25,0.7,0.3317798808298545,0.3120824794859069,0.3134155525056543,0.055,0.083,0.25,4,1,1,0.76,no GI,GI,no GI,no GI,A375,2CP,KIF1B_KIF1C
-1.2071768848676625,0.5589469940259566,6.198043441969533,5.063916396763636,1.1341270452058971,0.3092581754665405,-0.0091653368546719,0.2857142857142857,0.4444444444444444,0.2523593051532669,0.394965892907894,0.4715740900637737,0.083,0.126,0.0,0,1,1,0.76,no GI,GI,no GI,no GI,A375,2CP,USP11_USP4
-0.4608666880255665,0.1691525866995764,7.046263367608899,6.502257064883168,0.5440063027257303,0.5114552682092943,-0.028985830032035,0.0,0.2,0.0,0.5977256509108053,0.392417643018974,0.076,0.134,0.1764705882352941,3,0,1,0.75,no GI,no GI,no GI,no GI,Meljuso,2CP sel,LAPTM4A_LAPTM4B
-2.786806294137171,0.4725807571966331,6.639676261009044,5.044709022812918,1.5949672381961264,0.3473567542469239,-0.1737044232319361,0.4545454545454545,0.5,0.2750687158572634,0.4281966389337841,0.3846197650944875,0.073,0.743,0.3333333333333333,5,0,1,0.75,no GI,no GI,no GI,no GI,A375,2CP,GOT1_GOT2
-0.116939055910658,0.1844134964288692,6.996351352485808,5.427819413409567,1.5685319390762409,0.4480704280905259,0.0795185711644536,0.1111111111111111,0.3076923076923077,0.2367410850392526,0.4448946340720511,0.4854945109088691,0.053,0.188,0.1111111111111111,2,1,1,0.75,no GI,GI,no GI,no GI,Meljuso,2CP sel,CBR1_CBR3
0.706319917673834,0.2865670859403624,0.8208982985881388,0.365264027406539,0.4556342711815997,0.6186691100173568,0.0456844476878202,0.375,0.3529411764705882,0.1655903270128521,0.2955140391357699,0.4214962664815832,0.051,0.775,0.3333333333333333,5,1,1,0.75,no GI,GI,no GI,GI,Meljuso,2CP sel,GBP1_GBP2
-0.2870104123392181,0.0990334647227771,11.312013331609911,9.564345168240894,1.747668163369017,0.412268236697529,-0.0668588947383378,0.4285714285714285,0.6666666666666666,0.2066704754779526,0.4373657454691415,0.3658817217022246,0.062,0.398,0.3333333333333333,5,1,1,0.75,no GI,GI,no GI,no GI,Meljuso,2CP sel,FTH1_FTL
-0.9851875031398404,1.4104882399812415,6.359168958594203,4.967323918162808,1.3918450404313942,0.4003288853562953,0.1918317449950722,0.7222222222222222,0.8571428571428571,0.2197061816782171,0.3376487711897233,0.3889611493660983,0.0,0.0,0.8181818181818182,9,1,1,0.75,no GI,GI,no GI,no GI,Meljuso,2CP sel,SAR1A_SAR1B
-0.5547367586433579,0.0515530590820249,9.213560353384324,7.7729885996732175,1.4405717537111062,0.3547915049778251,-0.0101020153929118,0.2222222222222222,0.6428571428571429,0.1973982927558938,0.2921514162459392,0.3562227944411879,0.051,0.525,0.1764705882352941,3,0,1,0.75,no GI,no GI,no GI,no GI,Meljuso,2CP sel,VDAC1_VDAC2
0.1089089018710298,0.2918125985008241,5.212993399472485,4.172457357821823,1.040536041650662,0.7692494196164996,0.0916888117769539,0.4285714285714285,0.5882352941176471,0.251333170628889,0.2779489326122769,0.3759026008545225,0.112,0.78,0.6666666666666666,8,1,1,0.75,no GI,GI,no GI,GI,A375,2CP,TAP1_TAP2
-1.7596870801375315,1.134659586104551,3.6201997135367385,3.6169538720180814,0.0032458415186571,0.40273743213108,0.1024646324699116,0.3,0.4285714285714285,0.2325791066949949,0.4029156161993887,0.3383116336255747,0.049,0.092,0.3333333333333333,5,0,1,0.75,no GI,no GI,no GI,no GI,A375,2CP,AGO1_AGO2
-0.4226898354389268,0.9360742019275992,9.346420714974029,9.090339416142903,0.2560812988311252,0.1553619575629659,0.1627900400997628,0.25,0.3333333333333333,0.2237714154982896,0.3322240984568944,0.3605369842885118,0.048,0.246,0.4285714285714285,6,0,1,0.75,no GI,no GI,no GI,no GI,Meljuso,2CP sel,SLC25A5_SLC25A6
-0.7739012475420608,0.6144810422789064,6.456832546272353,2.4089738134996725,4.0478587327726805,0.2364026920766168,-0.0377789013597943,0.4285714285714285,0.7777777777777778,0.4511058391912506,0.4067012167928085,0.4118194810249511,0.056,0.043,0.8181818181818182,9,1,1,0.74,no GI,GI,no GI,no GI,Meljuso,2CP sel,MTHFD2_MTHFD2L
0.0538191281645795,0.1143298884085828,5.326857542828594,3.82752715941723,1.499330383411364,0.3455028192691544,-0.0465174732827754,0.3,0.5714285714285714,0.2336062869947386,0.4990347942518617,0.3989491795964277,0.0,0.074,0.0526315789473684,1,1,1,0.74,no GI,GI,no GI,no GI,Meljuso,2CP sel,PDLIM5_PDLIM7
-0.6146955168366569,0.1626263421079942,5.046345771634872,1.745700480694915,3.300645290939957,0.3305255052619852,-0.0463317894830357,0.2222222222222222,0.5,0.252081754554402,0.2916889137284635,0.3655230126266493,0.052,0.059,0.0,0,1,1,0.74,no GI,GI,no GI,no GI,Meljuso,2CP sel,CLCN3_CLCN5
-0.1273481992748293,0.6894814411759909,3.997031953540902,1.7203632920290093,2.2766686615118927,0.2979848544020903,0.1799918782488611,0.25,0.5384615384615384,0.2111395683295874,0.3988201430011762,0.4419240568710882,0.0,0.272,0.5384615384615384,7,1,1,0.74,no GI,GI,no GI,no GI,A375,2CP,CPEB2_CPEB4
-2.007702419579376,0.129768749907235,4.822370409210653,1.0854072810119333,3.73696312819872,0.1744572061238358,0.0045759387752414,0.4444444444444444,1.0,0.4144512219008117,0.5567170424734038,0.461963939991516,0.068,0.067,0.5384615384615384,7,1,1,0.74,no GI,GI,no GI,no GI,Meljuso,2CP sel,LRRC8B_LRRC8D
0.2490132860166436,0.1538071868659641,3.331087348593922,2.8671166055039623,0.4639707430899595,-0.0376939165752783,0.0396358031489978,0.2580645161290322,0.5714285714285714,0.1818207784083798,0.3727719647827355,0.3714534212217808,0.062,0.0,0.1764705882352941,3,1,1,0.74,no GI,GI,no GI,no GI,Meljuso,2CP sel,HIP1_HIP1R
-0.4013795672313524,0.2178571212837007,6.9389232996730135,6.661514090734878,0.2774092089381357,0.2450621907070129,-0.0125489629124261,0.2,1.0,0.2128483477613233,0.4962292961826351,0.3741512517229873,0.0,0.0,0.0526315789473684,1,0,1,0.73,no GI,no GI,no GI,no GI,A375,2CP,ITM2B_ITM2C
0.4677697430679705,1.893114969493585,4.198608001404259,1.5439275588743078,2.654680442529952,0.3305255052619852,-0.0463317894830357,0.2222222222222222,0.5,0.252081754554402,0.2916889137284635,0.3655230126266493,0.052,0.059,0.0,0,1,1,0.73,GI,GI,no GI,no GI,A375,2CP,CLCN3_CLCN5
0.6841851809668142,0.2685798038636935,6.689172957423663,3.2994552967414963,3.389717660682167,0.2029927027832344,0.0645737740422955,0.4,0.75,0.3469727362138993,0.3431009467393968,0.3354832589625855,0.064,0.064,0.5384615384615384,7,1,1,0.73,no GI,GI,no GI,no GI,Meljuso,2CP sel,NME3_NME4
-4.566157047852222,1.393549464353939,6.567869999298858,3.5538483951632847,3.014021604135573,0.4347037081242387,0.0034620730412993,0.2727272727272727,0.6,0.2175599829517651,0.3118153228298372,0.3920016236864794,0.0,0.0,0.25,4,0,1,0.73,no GI,no GI,no GI,no GI,Meljuso,2CP sel,DHX15_DHX35
0.243710518926328,0.2964940399244455,6.1634535679437565,4.8394359675580665,1.32401760038569,0.0106462562134127,0.0656254924898308,0.6666666666666666,1.0,0.8229495683985486,0.3974768470153958,0.4044905159669911,0.073,0.0,0.1111111111111111,2,1,1,0.73,no GI,GI,no GI,no GI,Meljuso,2CP sel,MXD3_MXI1
-0.449647553963157,0.3204680366494394,7.362398341564713,5.965923998921847,1.3964743426428663,0.2439939741004381,0.0316572681666357,0.2051282051282051,0.3076923076923077,0.1315315772692397,0.5495603868116765,0.3985815865263996,0.05,0.056,0.3333333333333333,5,0,1,0.73,no GI,no GI,no GI,no GI,Meljuso,2CP sel,MSN_RDX
-0.3842626436573424,0.1019758532193422,3.80261720318571,2.872689926694396,0.929927276491314,0.2388786153345498,0.0504638399606318,0.0833333333333333,0.5,0.2027217128178582,0.8009554140127388,0.4134197110932231,0.065,0.214,0.1111111111111111,2,1,1,0.73,no GI,GI,no GI,no GI,Meljuso,2CP sel,MOAP1_PNMA1
-0.0842765514626883,0.2737057475823183,3.265006237521764,3.12441410618745,0.1405921313343139,0.0715002602267685,0.0444845160028695,0.2142857142857142,0.6923076923076923,0.2497786151195733,0.3914060516175712,0.3055463670213441,0.075,0.104,0.3333333333333333,5,0,1,0.72,no GI,no GI,no GI,no GI,A375,2CP,TRAF3_TRAF5
-1.1689793001657671,0.1126600449362842,5.1373864744782685,4.229101325142971,0.9082851493352972,0.2750656903141861,-0.0337605534062151,0.0,1.0,0.0757495618441349,0.5665854648802273,0.4351106344512664,0.071,0.0,0.4285714285714285,6,1,1,0.72,no GI,GI,no GI,no GI,A375,2CP,TBC1D15_TBC1D17
0.7651124343444422,0.5002512307187159,5.549944712738034,2.8778540514155964,2.6720906613224376,0.2328997587221248,0.246982759170844,0.5,0.4285714285714285,0.3194905996979869,0.487066590676469,0.5825349056746143,0.078,0.084,0.6666666666666666,8,1,1,0.72,no GI,GI,GI,no GI,Meljuso,2CP sel,TNFRSF10A_TNFRSF10B
-4.160109565296236,1.2661788341353577,7.257383036845732,6.3736077671360745,0.8837752697096573,0.4511184010149452,0.0238267702460694,0.7,0.25,0.2008257179166424,0.4185699624595631,0.3478261103793575,0.048,0.537,0.0526315789473684,1,0,1,0.72,no GI,no GI,no GI,no GI,Meljuso,2CP sel,RBBP4_RBBP7
-1.579322718537,0.2143158286658759,4.895011701716404,0.8392262266564725,4.055785475059932,0.1744572061238358,0.0045759387752414,0.4444444444444444,1.0,0.4144512219008117,0.5567170424734038,0.461963939991516,0.068,0.067,0.5384615384615384,7,1,1,0.72,no GI,GI,no GI,no GI,A375,2CP,LRRC8B_LRRC8D
-0.8724059158861177,0.2170929117144378,7.272489835084718,6.854142589239765,0.4183472458449531,0.5114552682092943,-0.028985830032035,0.0,0.2,0.0,0.5977256509108053,0.392417643018974,0.076,0.134,0.1764705882352941,3,0,1,0.72,no GI,no GI,no GI,no GI,A375,2CP,LAPTM4A_LAPTM4B
-2.0725547270496234,0.3134683761500128,2.016897531660361,1.9978380035547367,0.019059528105624,0.1307500878832565,0.0184766922908956,0.1538461538461538,0.5,0.1433228399276284,0.9072700296735904,0.5312741557565591,0.079,0.042,0.0,0,1,1,0.72,no GI,GI,no GI,no GI,A375,2CP,LRIG1_LRIG2
0.3534021294367673,2.6999088963068445,5.331911752631653,3.8441132246720806,1.4877985279595722,0.1166210931762631,-0.0981275450947523,0.5714285714285714,0.5,0.6271014355216721,0.8009554140127388,0.413561663948081,0.0,0.0,0.6666666666666666,8,1,1,0.72,GI,GI,no GI,no GI,Meljuso,2CP sel,NXT1_NXT2
-3.4487237041076937,1.7031848744760434,7.705944567107746,5.5497895815835125,2.1561549855242337,0.3490035043670785,0.1749929225908101,0.1481481481481481,0.6363636363636364,0.1640473930019512,0.3250436566762131,0.3658916207078082,0.0,0.0,0.1111111111111111,2,0,1,0.72,no GI,no GI,no GI,no GI,A375,2CP,UBE2K_UBE2N
-0.4351902795321516,0.4778646500974159,3.510127735970863,1.2112819925792175,2.2988457433916456,0.3936213348780045,0.0045037835845827,0.0,0.5,0.2111575107429953,0.5789391249869479,0.4931195655395584,0.053,0.172,0.1764705882352941,3,1,1,0.72,no GI,GI,no GI,no GI,A375,2CP,RCBTB1_RCBTB2
-1.1146021389764649,0.2868309044158081,5.523841781662531,2.401151070107275,3.122690711555256,0.0250584917039995,0.0760308609189491,0.75,1.0,0.2983277484099738,0.9072700296735904,0.439377447443753,0.057,0.0,0.25,4,1,1,0.72,no GI,GI,no GI,no GI,A375,2CP,TSPAN14_TSPAN5
1.2289478027629088,1.941722227281701,3.3698822302276605,2.744713359031847,0.6251688711958137,0.108058140583135,0.064299648585447,0.5357142857142857,0.6666666666666666,0.1988659017104534,0.3374478026364052,0.4714540496039405,0.069,0.042,0.5384615384615384,7,1,1,0.72,GI,GI,no GI,no GI,Meljuso,2CP sel,LATS1_LATS2
0.7492819661420167,1.2751205695949657,5.47917906834738,3.4828767048800944,1.996302363467286,0.303419699034897,0.1033699982785364,0.25,0.7,0.3317798808298545,0.3120824794859069,0.3134155525056543,0.055,0.083,0.25,4,1,1,0.71,GI,GI,no GI,no GI,Meljuso,2CP sel,KIF1B_KIF1C
-0.0738893454583153,0.156542592217643,5.062732255417814,4.810906787195037,0.2518254682227763,0.0521877563411991,-0.060319536051166,0.3,0.4666666666666667,0.5554641381451,0.5189997412136247,0.4854316354216146,0.089,0.0,0.3333333333333333,5,0,1,0.71,no GI,no GI,no GI,no GI,A375,2CP,LPCAT2_LPCAT4
-0.1112242607368341,0.154189859728772,3.422983423366147,1.041484954213208,2.381498469152939,0.305632323055153,-0.0523244425408729,0.25,0.5,0.2296771055344734,0.4458638120133735,0.468416400903725,0.07,0.042,0.1764705882352941,3,1,1,0.71,no GI,GI,no GI,no GI,Meljuso,2CP sel,DDAH1_DDAH2
-0.2488517381903839,0.3391916992781529,7.281860008441866,3.967784310885643,3.314075697556223,0.0955279558556346,0.12540457064823,0.0,0.3636363636363636,0.080837290796903,0.4596453930808266,0.4307662930966734,0.062,0.042,0.0526315789473684,1,1,1,0.71,no GI,GI,no GI,no GI,Meljuso,2CP sel,GCA_SRI
-2.278331573846433,0.15153840570437,4.6042068257251385,2.401912349033464,2.2022944766916743,0.1640950942833119,-0.0215903809738818,0.1509433962264151,0.4666666666666667,0.1562860758208442,0.3668616273049612,0.4482073430190673,0.063,0.0,0.5384615384615384,7,0,1,0.71,no GI,no GI,no GI,no GI,Meljuso,2CP sel,ARAF_BRAF
-0.0691526857676489,0.2755052725462568,4.075817669912968,3.899557876212902,0.1762597937000656,0.2750656903141861,-0.0337605534062151,0.0,1.0,0.0757495618441349,0.5665854648802273,0.4351106344512664,0.071,0.0,0.4285714285714285,6,1,1,0.71,no GI,GI,no GI,no GI,Meljuso,2CP sel,TBC1D15_TBC1D17
0.0789822368417176,0.0094030218182442,5.609509554519818,4.981456002357563,0.628053552162255,0.7692494196164996,0.0916888117769539,0.4285714285714285,0.5882352941176471,0.251333170628889,0.2779489326122769,0.3759026008545225,0.112,0.78,0.6666666666666666,8,1,1,0.71,no GI,GI,no GI,GI,Meljuso,2CP sel,TAP1_TAP2
-0.1039815954583616,0.6005373967564605,2.954386251303769,2.826589769288406,0.1277964820153627,0.5044312518234831,0.1603080813594972,0.4210526315789473,0.7,0.2157314313445687,0.539197847573161,0.3634180217166368,0.049,0.102,0.5384615384615384,7,0,1,0.71,no GI,no GI,no GI,no GI,Meljuso,2CP sel,AGO1_AGO4
-0.6031254432862889,0.0766232128668262,6.557694576794738,2.913461986181088,3.64423259061365,0.0050970816508637,-0.0626484575361441,0.7272727272727273,0.75,0.3418849563579302,0.4274556054232625,0.3799112675691502,0.063,0.0,0.6666666666666666,8,0,1,0.71,no GI,no GI,no GI,no GI,Meljuso,2CP sel,APH1A_APH1B
-2.0182407545044128,1.1469391491920125,3.703883623791882,2.4917135945756503,1.2121700292162316,-0.0239922989506626,-0.0041699169252328,0.2,0.8333333333333334,0.2283214225442801,0.4047494736174228,0.3585585148157621,0.054,0.0,0.4285714285714285,6,0,1,0.71,no GI,no GI,no GI,no GI,A375,2CP,PDK1_PDK2
0.6144595546938576,0.0081342227469822,5.70210264852987,4.264090549386221,1.4380120991436485,0.0521877563411991,-0.060319536051166,0.3,0.4666666666666667,0.5554641381451,0.5189997412136247,0.4854316354216146,0.089,0.0,0.3333333333333333,5,0,1,0.7,no GI,no GI,no GI,no GI,Meljuso,2CP sel,LPCAT2_LPCAT4
-1.968108227793573,0.0546400439205128,5.497256295894879,4.881422494321662,0.615833801573217,0.0382798135197233,-0.0530445522399785,1.0,0.5,0.6539233524443053,0.290804780349136,0.5583616321836586,0.074,0.049,0.3333333333333333,5,0,1,0.7,no GI,no GI,no GI,no GI,Meljuso,2CP sel,CARS1_CARS2
-1.0702070377152413,0.3965717914102218,8.570909886554306,5.698216296869288,2.872693589685018,0.3074032797125507,0.1791993049638268,0.4615384615384615,0.5,0.185697093834247,0.6345064789829674,0.4482503295442223,0.049,0.082,0.4285714285714285,6,1,1,0.7,no GI,GI,no GI,no GI,Meljuso,2CP sel,NONO_PSPC1
-0.947470609344904,0.2371409124777259,8.165714814121454,3.8837012543207567,4.282013559800697,-0.0006463897769607,-0.0657687420046524,0.1052631578947368,0.625,0.1507256338932535,0.3056657313210357,0.389649026512234,0.05,0.0,0.4285714285714285,6,1,1,0.7,no GI,GI,no GI,no GI,Meljuso,2CP sel,PRKAR1A_PRKAR1B
-1.022994107398078,0.2594070628150895,7.67073951635133,5.057158504374052,2.6135810119772778,-0.0176220842496168,0.0043069478085938,0.6,0.75,0.5064023035586468,0.5062709806054057,0.3491345645691327,0.0,0.0,0.3333333333333333,5,1,1,0.7,no GI,GI,no GI,no GI,Meljuso,2CP sel,PSMB6_PSMB9
-5.894439114913629,2.1511537671266603,5.624346679915717,4.14893162619393,1.475415053721787,0.2456697749418281,-0.0345757931416158,0.1666666666666666,0.2941176470588235,0.1371619579385332,0.2600755401830772,0.3649247785304921,0.0,0.0,0.1764705882352941,3,1,1,0.7,GI,GI,no GI,no GI,A375,2CP,NEDD4_NEDD4L
-0.0658138294531793,0.367139498107311,2.99554685846432,2.4437375131171417,0.5518093453471784,0.3179012403962143,-0.0538630815066016,1.0,1.0,0.9682073684515522,0.390245042943484,0.4194240236178041,0.0,0.0,0.4285714285714285,6,1,1,0.69,no GI,GI,no GI,no GI,Meljuso,2CP sel,ZKSCAN1_ZNF213
-0.1065173650933389,0.5945656742041723,8.280935353041464,4.706571178304931,3.574364174736533,0.3798756402358582,-0.0454794520315656,0.4285714285714285,0.3333333333333333,0.26747744016636,0.7306915874839023,0.4610014420170702,0.088,0.047,0.0,0,1,1,0.69,no GI,GI,no GI,no GI,A375,2CP,BCAP29_BCAP31
-0.4768263004023959,0.3758730497240612,5.308273110871324,3.643137452345445,1.6651356585258794,0.1881425008373802,0.150060185494314,0.0,0.3333333333333333,0.0839791311106034,0.7110055543114631,0.5754480861829857,0.073,0.075,0.4285714285714285,6,1,1,0.69,no GI,GI,no GI,no GI,Meljuso,2CP sel,TXLNA_TXLNG
-1.6232295005375703,0.5278611173651899,5.82863148786709,2.668331595483988,3.1602998923831023,-0.4485115596333343,-0.0038391643411868,0.1666666666666666,0.7142857142857143,0.2655740101742924,0.5057006769881508,0.4202006941686529,0.05,0.067,0.1111111111111111,2,1,1,0.69,no GI,GI,no GI,no GI,Meljuso,2CP sel,LCP1_PLS3
-0.2493317418098912,0.2628990895141218,10.53544930390201,10.265143600857352,0.2703057030446576,0.412268236697529,-0.0668588947383378,0.4285714285714285,0.6666666666666666,0.2066704754779526,0.4373657454691415,0.3658817217022246,0.062,0.398,0.3333333333333333,5,1,1,0.69,no GI,GI,no GI,no GI,A375,2CP,FTH1_FTL
1.5713578591475632,0.7875097166208891,4.761643677878673,3.395819911806236,1.3658237660724368,0.2606798582374569,0.1962225445690568,0.2142857142857142,0.5,0.1974542904202215,0.3253958797667178,0.3392220699969514,0.06,0.0,0.4285714285714285,6,1,1,0.69,no GI,GI,no GI,no GI,Meljuso,2CP sel,RING1_RNF2
-0.6748829958642157,0.1216477709286296,3.0232296012030955,1.272618130348023,1.7506114708550724,0.3936213348780045,0.0045037835845827,0.0,0.5,0.2111575107429953,0.5789391249869479,0.4931195655395584,0.053,0.172,0.1764705882352941,3,1,1,0.69,no GI,GI,no GI,no GI,Meljuso,2CP sel,RCBTB1_RCBTB2
-1.977667659122817,2.00439466745687,6.362835592659201,2.411498024134468,3.951337568524733,0.0198757768964678,0.1372174260882862,0.2142857142857142,0.5,0.2047968350646473,0.5843463745573932,0.33363438815783,0.0,0.0,0.3333333333333333,5,0,1,0.69,no GI,no GI,no GI,no GI,A375,2CP,DIAPH1_DIAPH2
-1.9888326198266053,0.2755925274046065,3.409658797479844,2.509457397015576,0.900201400464268,-0.1769867759734201,0.0063351944208448,0.4285714285714285,0.5,0.2241618826548105,0.4021618533268812,0.3845390162206361,0.076,0.0,0.1764705882352941,3,1,1,0.69,no GI,GI,no GI,no GI,Meljuso,2CP sel,INPP5B_OCRL
0.1563531863009784,0.4658475250166334,2.336598674713894,2.011985468763927,0.3246132059499671,0.5394553735220833,-0.0824265423942749,0.1724137931034483,0.8125,0.185831235637588,0.2930799871529619,0.5583616321836586,0.057,0.552,0.1764705882352941,3,1,1,0.69,no GI,GI,no GI,no GI,Meljuso,2CP sel,DHX58_IFIH1
-1.149528595126342,0.2510711966077628,5.343477500553094,4.283985078218509,1.0594924223345847,0.1881425008373802,0.150060185494314,0.0,0.3333333333333333,0.0839791311106034,0.7110055543114631,0.5754480861829857,0.073,0.075,0.4285714285714285,6,1,1,0.69,no GI,GI,no GI,no GI,A375,2CP,TXLNA_TXLNG
0.0515751677407028,1.3649305258743332,5.95835914363955,2.8166666624093355,3.1416924812302143,-0.2318151432855435,-0.1300446788438463,0.7142857142857143,0.5,0.3156977594090197,0.5588404221496727,0.4419435764290079,0.068,0.0,0.4285714285714285,6,0,1,0.69,no GI,no GI,no GI,no GI,A375,2CP,NABP1_NABP2
-2.0740290284962453,1.5755200509321066,3.6987352031434817,2.296338174202801,1.4023970289406806,-0.0254813669179663,0.0003705979565637,1.0,1.0,0.3509490532464149,1.0,0.3018915908743657,0.0,0.0,0.5384615384615384,7,1,1,0.68,no GI,GI,no GI,no GI,A375,2CP,EXOC6_EXOC6B
0.122360599184339,0.3585108683411349,4.744496127990437,3.3205284467429337,1.423967681247503,0.5429900676367301,0.0747298033417288,1.0,0.7777777777777778,0.5220946791524619,0.5400895393981796,1.0,0.051,0.599,0.0,0,0,1,0.68,no GI,no GI,no GI,no GI,Meljuso,2CP sel,CLK1_CLK4
-0.1799633776512559,0.1938748127653804,2.3905351874316656,0.9481982633724768,1.4423369240591888,0.5394553735220833,-0.0824265423942749,0.1724137931034483,0.8125,0.185831235637588,0.2930799871529619,0.5583616321836586,0.057,0.552,0.1764705882352941,3,1,1,0.68,no GI,GI,no GI,no GI,A375,2CP,DHX58_IFIH1
-1.0401816457046285,0.2105049076125891,4.945897669412488,2.383119222674412,2.562778446738076,0.496973486332011,0.0283338620915801,0.2142857142857142,0.5,0.1928925899248373,0.3667956070669972,0.411410141672303,0.06,0.11,0.25,4,1,1,0.68,no GI,GI,no GI,no GI,Meljuso,2CP sel,TEAD2_TEAD4
-0.0071841694343807,0.1850536421783446,3.9503781579374886,1.923771367913213,2.0266067900242755,0.3035106014274286,0.0541137384775759,0.1333333333333333,0.8571428571428571,0.1333614624680454,0.4109553608104683,0.5176198658195811,0.057,0.213,0.25,4,1,1,0.68,no GI,GI,no GI,no GI,Meljuso,2CP sel,NFIB_NFIX
-4.755713214845786,1.332363520522725,4.4925450432850775,4.491382550435752,0.0011624928493256,0.4982445350839207,-0.0356370194637706,0.5384615384615384,0.9,0.220286992881012,0.3877492762327181,0.3286107395649578,0.0,0.181,0.5384615384615384,7,0,1,0.67,no GI,no GI,no GI,no GI,A375,2CP,CDK12_CDK13
-1.6135250950993236,0.6046012919116026,3.54183443691351,1.7926294177694193,1.7492050191440909,0.2979848544020903,0.1799918782488611,0.25,0.5384615384615384,0.2111395683295874,0.3988201430011762,0.4419240568710882,0.0,0.272,0.5384615384615384,7,1,1,0.67,no GI,GI,no GI,no GI,Meljuso,2CP sel,CPEB2_CPEB4
0.7300959563436895,0.9633621842551948,8.350622772391798,7.134798392235378,1.2158243801564197,0.4688375551024822,0.0786560040803913,0.0952380952380952,0.7777777777777778,0.1764740275041421,0.5195508194606671,0.3716266615840048,0.053,0.18,0.4285714285714285,6,0,1,0.67,no GI,no GI,no GI,no GI,A375,2CP,TPM1_TPM2
-1.0747474182850278,0.6339400171143146,8.334720281504204,5.722377189389884,2.61234309211432,0.3074032797125507,0.1791993049638268,0.4615384615384615,0.5,0.185697093834247,0.6345064789829674,0.4482503295442223,0.049,0.082,0.4285714285714285,6,1,1,0.67,no GI,GI,no GI,no GI,A375,2CP,NONO_PSPC1
0.0265656001733274,0.4583988982177009,8.357693320497495,5.00000356872322,3.3576897517742745,0.3798756402358582,-0.0454794520315656,0.4285714285714285,0.3333333333333333,0.26747744016636,0.7306915874839023,0.4610014420170702,0.088,0.047,0.0,0,1,1,0.67,no GI,GI,no GI,no GI,Meljuso,2CP sel,BCAP29_BCAP31
0.6040700372938419,0.440680117078726,7.279725251318115,4.326944449380681,2.952780801937433,0.2998521668612598,0.0874990010978891,0.3571428571428571,0.5,0.2211758763303636,0.7472527116055391,0.4880402387389912,0.0,0.0,0.0526315789473684,1,1,1,0.67,no GI,GI,no GI,no GI,Meljuso,2CP sel,PTBP1_PTBP3
-1.1074643787804055,0.1156344310937075,5.719280388093665,2.3647673847263766,3.3545130033672885,0.1518252565011713,-0.0135780650869293,0.2352941176470588,0.7272727272727273,0.2519616370168988,0.3485214428378348,0.4910817321977468,0.0,0.0,0.8181818181818182,9,1,1,0.67,no GI,GI,no GI,no GI,A375,2CP,RPS6KA2_RPS6KA3
-0.002546859282922,0.3360783727560756,4.964349844254197,3.6384007750330873,1.3259490692211091,0.5429900676367301,0.0747298033417288,1.0,0.7777777777777778,0.5220946791524619,0.5400895393981796,1.0,0.051,0.599,0.0,0,0,1,0.67,no GI,no GI,no GI,no GI,A375,2CP,CLK1_CLK4
0.6854502187847852,0.3100036587200898,5.936282940536173,3.3870759366234324,2.5492070039127404,0.5283043031017916,0.0884637530324971,0.75,0.5,0.671368420120157,0.5597967183072302,0.5756425302837612,0.084,0.77,0.1764705882352941,3,0,1,0.66,no GI,no GI,no GI,no GI,Meljuso,2CP sel,NIPA1_NIPA2
-0.7361946058481957,0.593832360354483,6.838004486574027,2.527960375702609,4.310044110871418,0.0955279558556346,0.12540457064823,0.0,0.3636363636363636,0.080837290796903,0.4596453930808266,0.4307662930966734,0.062,0.042,0.0526315789473684,1,1,1,0.66,no GI,GI,no GI,no GI,A375,2CP,GCA_SRI
-0.0556162596246867,0.2666134163894531,8.426792135239864,5.634276983300425,2.79251515193944,0.2304949144732183,0.0878591643842606,0.5,0.5,0.2253937934212293,0.8448703805846663,0.4304980069298215,0.0,0.0,0.0526315789473684,1,0,1,0.66,no GI,no GI,no GI,no GI,A375,2CP,PLIN2_PLIN3
-1.1728006305533163,0.2839376937555358,2.453891591954418,2.2575037647096328,0.1963878272447852,0.4620448504359261,0.0998177005887668,0.2564102564102564,0.3333333333333333,0.1543919926092552,0.3216288822891351,0.4275886003799483,0.09,0.182,0.3333333333333333,5,0,1,0.66,no GI,no GI,no GI,no GI,A375,2CP,NCOA1_NCOA2
-0.6689298614182981,0.590323644408902,7.956863672887739,3.6255784349233418,4.331285237964397,-0.0006463897769607,-0.0657687420046524,0.1052631578947368,0.625,0.1507256338932535,0.3056657313210357,0.389649026512234,0.05,0.0,0.4285714285714285,6,1,1,0.66,no GI,GI,no GI,no GI,A375,2CP,PRKAR1A_PRKAR1B
0.1299438030352202,0.4856849758284267,4.260310606806923,2.455774687442948,1.804535919363976,0.5915822410050277,-0.0518430917024668,0.2,0.625,0.5895330506265981,0.3694799930043878,0.6608206485771013,0.0,0.0,0.4285714285714285,6,0,1,0.66,no GI,no GI,no GI,no GI,Meljuso,2CP sel,ZKSCAN8_ZNF24
-2.2522734975202416,1.1947139105486888,5.821088248317162,5.617216116406859,0.2038721319103027,0.1754685957766046,-0.0225618111736201,0.5,1.0,0.5869316470062199,1.0,0.4795222195921612,0.0,0.0,0.3333333333333333,5,0,1,0.65,no GI,no GI,no GI,no GI,A375,2CP,YIF1A_YIF1B
-1.0336271091492808,0.2407312810009356,2.32229604967912,2.230675234219288,0.0916208154598319,0.4620448504359261,0.0998177005887668,0.2564102564102564,0.3333333333333333,0.1543919926092552,0.3216288822891351,0.4275886003799483,0.09,0.182,0.3333333333333333,5,0,1,0.65,no GI,no GI,no GI,no GI,Meljuso,2CP sel,NCOA1_NCOA2
0.8257250390724973,0.3006630711528193,5.62262273139176,5.424118427813831,0.1985043035779297,0.4499406813527742,-0.0985577286453929,0.196078431372549,0.4285714285714285,0.1571793845196363,0.5199231857243051,0.4008142761118125,0.064,0.108,0.5384615384615384,7,1,1,0.65,no GI,GI,no GI,no GI,Meljuso,2CP sel,BNIP3_BNIP3L
0.7781932454014187,0.091825260178614,4.191903859662792,3.0143305140430305,1.177573345619762,0.5915822410050277,-0.0518430917024668,0.2,0.625,0.5895330506265981,0.3694799930043878,0.6608206485771013,0.0,0.0,0.4285714285714285,6,0,1,0.65,no GI,no GI,no GI,no GI,A375,2CP,ZKSCAN8_ZNF24
-1.0497430760794049,0.5159382933168764,4.935378540045903,4.084920715572444,0.8504578244734589,0.1518252565011713,-0.0135780650869293,0.2352941176470588,0.7272727272727273,0.2519616370168988,0.3485214428378348,0.4910817321977468,0.0,0.0,0.8181818181818182,9,1,1,0.65,no GI,GI,no GI,no GI,Meljuso,2CP sel,RPS6KA2_RPS6KA3
1.261181954053476,0.4771306808423996,6.516352115631335,3.923890550215656,2.59246156541568,0.4480704280905259,0.0795185711644536,0.1111111111111111,0.3076923076923077,0.2367410850392526,0.4448946340720511,0.4854945109088691,0.053,0.188,0.1111111111111111,2,1,1,0.65,no GI,GI,no GI,no GI,A375,2CP,CBR1_CBR3
-1.3104819433929031,1.334284984092562,5.4342007103831165,4.75578500517114,0.6784157052119761,0.2311481750092147,-0.0200389732020617,0.7857142857142857,0.0,0.2518466818073019,0.0,0.4965481098030513,0.0,0.155,0.4285714285714285,6,1,1,0.65,GI,GI,no GI,no GI,A375,2CP,BCL7B_BCL7C
-2.429933704929554,2.1226910455843,4.832287258087626,0.7017556722919844,4.130531585795642,0.0621017560513048,0.0045078201876803,0.2857142857142857,1.0,0.2792165541311807,0.587696902916132,0.4154499955723288,0.054,0.0,0.1111111111111111,2,1,1,0.65,GI,GI,no GI,no GI,A375,2CP,PTPRA_PTPRE
1.3459776576038265,0.8457070842410674,7.236785478506084,5.628115073887408,1.6086704046186755,0.2439939741004381,0.0316572681666357,0.2051282051282051,0.3076923076923077,0.1315315772692397,0.5495603868116765,0.3985815865263996,0.05,0.056,0.3333333333333333,5,0,1,0.64,no GI,no GI,no GI,no GI,A375,2CP,MSN_RDX
-0.6905392269664898,0.0388216028500609,8.19567885887396,6.39233854144019,1.8033403174337688,0.3756858320312789,-0.0156581484284113,0.7142857142857143,0.75,0.3638181131087931,0.6186100001157995,0.3864621021296108,0.0,0.0,0.5384615384615384,7,0,1,0.64,no GI,no GI,no GI,no GI,A375,2CP,CBX1_CBX3
-2.4020123423660427,1.5821429062566288,4.747307045571974,4.672517545012481,0.0747895005594925,0.4410087566685878,0.09432482774582,0.0902255639097744,0.2758620689655172,0.1291850733966139,0.3570694006437317,0.3353590812459879,0.0,0.0,0.0526315789473684,1,0,1,0.64,no GI,no GI,no GI,no GI,A375,2CP,SRC_YES1
0.7421620697664943,0.5547997932493378,9.12210267754346,0.4509469852766821,8.671155692266778,0.3347324519323634,0.0524952711126069,0.0,0.5,0.1588523365723846,0.4768162720458108,0.3817799104692613,0.0,0.0,0.0526315789473684,1,0,1,0.64,no GI,no GI,no GI,no GI,Meljuso,2CP sel,S100A11_S100P
3.666029093554912,2.8805536926885376,2.927700495957344,2.896636141589509,0.0310643543678348,0.108058140583135,0.064299648585447,0.5357142857142857,0.6666666666666666,0.1988659017104534,0.3374478026364052,0.4714540496039405,0.069,0.042,0.5384615384615384,7,1,1,0.64,lol,GI,no GI,no GI,A375,2CP,LATS1_LATS2
-1.3321353909722724,0.0883141682960875,4.809220828022362,1.7514558527843178,3.057764975238044,0.1227725995011015,0.0808101427189035,0.2888888888888888,0.5454545454545454,0.1516977790476632,0.2957363489148665,0.4092024552793316,0.062,0.082,0.25,4,0,1,0.64,no GI,no GI,no GI,no GI,A375,2CP,HDAC4_HDAC5
-3.1308497324460465,1.5397417722783864,8.132580593584045,4.144465643277972,3.988114950306073,0.163861144746665,-0.0401854824526919,0.0967741935483871,0.2222222222222222,0.1664049801562193,0.3207658495832626,0.3689749617352025,0.0,0.0,0.1111111111111111,2,0,1,0.63,no GI,no GI,no GI,no GI,A375,2CP,RAB20_RAB7A
-0.1721849766202051,0.129293519127381,4.119724859657409,2.747348976435865,1.3723758832215438,0.0064941173203058,0.0421055459267087,0.4545454545454545,1.0,0.3701823319674441,0.3022467007964395,0.358734726980542,0.056,0.049,0.25,4,1,1,0.63,no GI,GI,no GI,no GI,A375,2CP,ATP11A_ATP11C
-2.932232653856815,0.0488789872201258,8.905052339719155,5.115037458779264,3.790014880939891,-0.0610942520175767,-0.0343120670040712,0.5,1.0,0.4291654261701373,0.5762326682369083,0.3473643291047863,0.0,0.0,0.0526315789473684,1,0,1,0.63,no GI,no GI,no GI,no GI,A375,2CP,PSMB10_PSMB7
0.9913937954191048,0.8641931773864204,3.903540077343461,2.315590253557674,1.5879498237857872,0.305632323055153,-0.0523244425408729,0.25,0.5,0.2296771055344734,0.4458638120133735,0.468416400903725,0.07,0.042,0.1764705882352941,3,1,1,0.63,no GI,GI,no GI,no GI,A375,2CP,DDAH1_DDAH2
-2.287783590671036,1.3603038039436468,6.388904194160731,6.309402050509507,0.0795021436512239,0.4137375967971409,-0.0261321210010579,0.2,0.5454545454545454,0.1596688842957914,0.4796555211865195,0.3618593957899027,0.0,0.0,0.25,4,0,1,0.63,no GI,no GI,no GI,no GI,Meljuso,2CP sel,EIF4E_EIF4E2
-4.7104091236673336,0.1482590558151377,11.412660717881408,7.689853955586383,3.7228067622950256,0.0349133619262637,0.0049501098606091,0.25,0.75,0.2124506170170791,0.492761676800687,0.323177350512344,0.0,0.0,0.25,4,0,1,0.62,no GI,no GI,no GI,no GI,Meljuso,2CP sel,RPL26_RPL26L1
-0.8534930680126838,1.0527874614256612,7.878212234976813,3.93152900279922,3.946683232177593,0.2998521668612598,0.0874990010978891,0.3571428571428571,0.5,0.2211758763303636,0.7472527116055391,0.4880402387389912,0.0,0.0,0.0526315789473684,1,1,1,0.62,no GI,GI,no GI,no GI,A375,2CP,PTBP1_PTBP3
-1.5341559454960056,0.4606183676128286,5.245682819567183,0.4668776259631104,4.778805193604073,-0.4485115596333343,-0.0038391643411868,0.1666666666666666,0.7142857142857143,0.2655740101742924,0.5057006769881508,0.4202006941686529,0.05,0.067,0.1111111111111111,2,1,1,0.62,no GI,GI,no GI,no GI,A375,2CP,LCP1_PLS3
-0.9688548427281,0.1493982634739883,6.393081043620871,5.959876639070945,0.4332044045499259,0.3802991109932309,0.0316534317687588,0.3529411764705882,0.3636363636363636,0.1846120963893511,0.5323803160172766,0.317944534894751,0.051,0.055,0.5384615384615384,7,1,1,0.62,no GI,GI,no GI,no GI,A375,2CP,SNX12_SNX3
0.1057698876656215,0.35979033209698,9.69661408134976,4.645076744867076,5.051537336482683,0.4547443835074819,0.0320594191122093,0.2222222222222222,0.4285714285714285,0.2421681015035842,0.424929787170839,0.4062908126452029,0.0,0.0,0.0526315789473684,1,0,1,0.62,no GI,no GI,no GI,no GI,A375,2CP,PPIB_PPIC
2.590647100853088,1.2062981597987827,2.3092530082136338,1.1063642454706115,1.2028887627430225,-0.0691553284176604,-0.0095613393969683,0.3076923076923077,1.0,0.239216000993074,0.5087465636191549,0.4740554028434361,0.063,0.067,0.5384615384615384,7,0,1,0.62,no GI,no GI,no GI,no GI,A375,2CP,LFNG_MFNG
0.4504498363338624,0.6256051261429988,4.295613038074002,2.5968926274987933,1.6987204105752087,-0.0059577293243951,0.0042723733260137,0.3333333333333333,0.4285714285714285,0.6060467224449837,0.3622963275611083,0.2787307831717598,0.092,0.049,0.0,0,1,1,0.62,no GI,GI,no GI,no GI,Meljuso,2CP sel,HDHD2_LHPP
-2.4850198761804023,0.1811888516073043,6.32688277501698,2.579550088196296,3.747332686820684,0.0683979389238316,0.0465442088058523,0.25,0.5714285714285714,0.2750355873470116,0.6532176986682768,0.0,0.061,0.0,0.3333333333333333,5,1,1,0.62,no GI,GI,no GI,no GI,A375,2CP,UAP1_UAP1L1
-0.8520440167965453,0.3701837713700827,5.7625095160932185,3.2120253019379272,2.550484214155292,0.5283043031017916,0.0884637530324971,0.75,0.5,0.671368420120157,0.5597967183072302,0.5756425302837612,0.084,0.77,0.1764705882352941,3,0,1,0.62,no GI,no GI,no GI,no GI,A375,2CP,NIPA1_NIPA2
-1.341049301015115,1.062122578819599,6.107605723953906,2.536866225810624,3.5707394981432823,0.0998756437150666,0.0515205023642585,0.2666666666666666,1.0,0.1756517527923776,0.4697366589700733,0.7950819672131147,0.0,0.0,0.0526315789473684,1,0,1,0.62,no GI,no GI,no GI,no GI,Meljuso,2CP sel,PIM2_PIM3
-1.1780083536788983,1.1412660387401183,4.743001703194892,4.0115004914183245,0.7315012117765676,0.692492355293407,0.1341326409540488,0.8,0.8333333333333334,0.6256785371265193,0.5680971559418794,0.7950819672131147,0.0,0.0,0.0526315789473684,1,1,1,0.62,no GI,GI,no GI,GI,A375,2CP,METTL2A_METTL2B
-0.385858828687674,0.2370222420456591,3.173491249711457,2.927886635698558,0.2456046140128993,0.1765809942646383,0.0746943806741504,0.1276595744680851,0.631578947368421,0.1604197504839258,0.3271494243306153,0.3617374396063409,0.055,0.049,0.1764705882352941,3,0,1,0.62,no GI,no GI,no GI,no GI,A375,2CP,ACVR1B_TGFBR1
2.3740057209334946,1.265745523289315,4.038953633648296,3.030093462262928,1.008860171385368,0.1235780786888161,0.1570802973928507,0.3333333333333333,0.4545454545454545,0.4568755932486504,0.3851055504179028,0.4434196687288818,0.055,0.086,0.5384615384615384,7,1,1,0.61,no GI,GI,no GI,no GI,A375,2CP,MAFG_MAFK
-0.9694317164887228,0.0461079879033057,5.4484457375728335,2.57689352180999,2.8715522157628435,0.2466809086677278,0.1036857225252857,0.5,1.0,0.8285793500588808,0.6934355367317679,0.5583616321836586,0.055,0.0,0.3333333333333333,5,1,1,0.61,no GI,GI,no GI,no GI,Meljuso,2CP sel,SSBP2_SSBP4
-0.0915097335582927,1.1442676432807473,5.260351781817077,5.138611234383426,0.1217405474336512,0.0683979389238316,0.0465442088058523,0.25,0.5714285714285714,0.2750355873470116,0.6532176986682768,0.0,0.061,0.0,0.3333333333333333,5,1,1,0.61,no GI,GI,no GI,no GI,Meljuso,2CP sel,UAP1_UAP1L1
1.558601464040162,1.125980041187086,6.076450509358653,3.4192418937125044,2.657208615646149,0.1353088290315491,0.065189760892832,0.2,1.0,0.1816970522636736,0.491611617138615,0.3692904732791828,0.0,0.0,0.3333333333333333,5,1,1,0.61,no GI,GI,no GI,no GI,A375,2CP,CDK16_CDK18
-2.888367233574753,0.2427337747215756,8.570909886554306,8.076861943939258,0.4940479426150475,0.5544157929812243,0.1630905538006581,0.5263157894736842,0.5555555555555556,0.1949482071175344,0.5367215634303947,0.4215086705124851,0.0,0.711,0.5384615384615384,7,1,1,0.6,no GI,GI,no GI,no GI,Meljuso,2CP sel,NONO_SFPQ
-4.21737374256893,0.6194932883926141,8.334720281504204,8.060715893402909,0.2740043881012948,0.5544157929812243,0.1630905538006581,0.5263157894736842,0.5555555555555556,0.1949482071175344,0.5367215634303947,0.4215086705124851,0.0,0.711,0.5384615384615384,7,1,1,0.6,no GI,GI,no GI,no GI,A375,2CP,NONO_SFPQ
1.7261128261147056,0.6671533097481968,4.484930018093104,1.8503756307798536,2.6345543873132504,0.5739229125202954,0.0216790409116093,0.2727272727272727,0.2857142857142857,0.3083784579823165,0.5984077029640563,0.3972716212708297,0.0,0.0,0.5384615384615384,7,0,1,0.6,no GI,no GI,no GI,no GI,A375,2CP,IFIT2_IFIT5
0.430246274301984,0.1567193656486051,4.158134385685967,3.1533207683377475,1.0048136173482196,0.253478593326045,-0.0575431991056557,0.375,0.75,0.5054882773384317,0.434816082426907,0.5647220926321729,0.117,0.059,0.3333333333333333,5,1,1,0.6,no GI,GI,no GI,no GI,Meljuso,2CP sel,ELF1_ELF2
0.3196215777028359,0.327346358532934,5.159696420947378,4.154795938242433,1.0049004827049446,0.1917464910626459,-0.0443732274620718,0.5,0.3333333333333333,0.1928436740949918,0.4328371527592147,0.3967930554603394,0.0,0.0,0.6666666666666666,8,0,1,0.6,no GI,no GI,no GI,no GI,A375,2CP,MBD2_MBD3
-2.112809619918389,0.784821112142496,7.074015287808542,5.8292447052785095,1.244770582530032,0.2172112879259,0.105197016146701,0.3333333333333333,1.0,0.1936302323192637,1.0,0.3588454653498095,0.0,0.0,0.5384615384615384,7,0,1,0.6,no GI,no GI,no GI,no GI,A375,2CP,UBE2V1_UBE2V2
1.370935208486738,0.2895876765476839,0.8593118797121397,0.5727140485521958,0.2865978311599439,-0.0691553284176604,-0.0095613393969683,0.3076923076923077,1.0,0.239216000993074,0.5087465636191549,0.4740554028434361,0.063,0.067,0.5384615384615384,7,0,1,0.59,no GI,no GI,no GI,no GI,Meljuso,2CP sel,LFNG_MFNG
0.825357605054311,0.0579844843719579,4.1096523094570125,2.1414702863797523,1.96818202307726,-0.0059577293243951,0.0042723733260137,0.3333333333333333,0.4285714285714285,0.6060467224449837,0.3622963275611083,0.2787307831717598,0.092,0.049,0.0,0,1,1,0.59,no GI,GI,no GI,no GI,A375,2CP,HDHD2_LHPP
0.1251274766832911,0.6916981187663369,7.07868641463618,5.948266248732213,1.130420165903967,0.1592811849047825,0.0900754928332081,0.3333333333333333,0.625,0.1832179723907042,0.4727717439657122,0.4257194007787646,0.0,0.0,0.25,4,0,1,0.59,no GI,no GI,no GI,no GI,A375,2CP,LYPLA1_LYPLA2
1.1115012788063294,0.8425328476880962,5.365628042005517,4.642040926322599,0.7235871156829186,0.4499406813527742,-0.0985577286453929,0.196078431372549,0.4285714285714285,0.1571793845196363,0.5199231857243051,0.4008142761118125,0.064,0.108,0.5384615384615384,7,1,1,0.59,no GI,GI,no GI,no GI,A375,2CP,BNIP3_BNIP3L
-0.1984655389695191,1.4485660145553698,2.438566307621649,2.3701954410789874,0.0683708665426614,0.08694398138089,-0.022351525273312,0.5384615384615384,0.7,0.4183652009010855,0.5520507972270825,0.4914356393061108,0.0,0.0,0.4285714285714285,6,0,1,0.58,no GI,no GI,no GI,no GI,Meljuso,2CP sel,SLC43A1_SLC43A2
-1.881572045130321,0.6884199792232062,5.820072417374692,3.875050888660465,1.9450215287142267,0.3378941383219331,0.1215585811978268,0.1666666666666666,0.25,0.2683927967850892,0.6318655596492256,0.3630030535261876,0.0,0.0,0.0526315789473684,1,0,1,0.58,no GI,no GI,no GI,no GI,A375,2CP,CTNND1_PKP4
0.6822557743649944,0.3246269082709215,10.338135801510033,7.028635170745556,3.309500630764477,0.063486646229954,0.0059829776800519,0.0625,0.25,0.166080790397492,0.5213376746711063,0.4533792697789435,0.072,0.048,0.1111111111111111,2,1,1,0.58,no GI,GI,no GI,no GI,Meljuso,2CP sel,CHCHD10_CHCHD2
0.1396021413917771,1.3917616927158123,6.440131160975865,4.831449855042144,1.6086813059337208,0.3083508843472629,-0.0016606759376585,0.5,0.8,0.3374830187447319,0.3857871674560942,0.4063011146548543,0.0,0.0,0.0526315789473684,1,1,1,0.58,GI,GI,no GI,no GI,Meljuso,2CP sel,PITPNA_PITPNB
-0.8460101294150806,1.3160456631292838,5.366836695720523,4.703458469071622,0.6633782266489012,0.692492355293407,0.1341326409540488,0.8,0.8333333333333334,0.6256785371265193,0.5680971559418794,0.7950819672131147,0.0,0.0,0.0526315789473684,1,1,1,0.57,GI,GI,no GI,GI,Meljuso,2CP sel,METTL2A_METTL2B
0.0587210116488844,0.0888897734229681,6.002783344544375,3.2730894080196777,2.729693936524697,0.0946783304415107,0.0173167282758129,0.5625,0.75,0.313914431023086,0.4727867420342639,0.3335337516644303,0.0,0.0,0.4285714285714285,6,1,1,0.57,no GI,GI,no GI,no GI,Meljuso,2CP sel,VTI1A_VTI1B
-0.6382294840532958,0.068623340668092,6.086378360883069,6.009393863329274,0.076984497553795,0.1754685957766046,-0.0225618111736201,0.5,1.0,0.5869316470062199,1.0,0.4795222195921612,0.0,0.0,0.3333333333333333,5,0,1,0.57,no GI,no GI,no GI,no GI,Meljuso,2CP sel,YIF1A_YIF1B
0.4138989680051388,0.6357507443216234,4.44109573100979,4.074584522124134,0.3665112088856563,0.3474359149897769,-0.1271848860025146,0.0769230769230769,0.5555555555555556,0.3300739648104958,0.3042639760837265,0.3419394858331842,0.0,0.0,0.1764705882352941,3,1,1,0.57,no GI,GI,no GI,no GI,A375,2CP,KIF3B_KIF3C
-2.0826100234729314,0.4065393459808928,8.976432554135512,7.551953599893853,1.4244789542416587,0.3861609031513269,0.1034764831391605,0.4545454545454545,0.6363636363636364,0.2775186596817943,0.4118727462962297,0.4500939735534712,0.0,0.0,0.0526315789473684,1,1,1,0.57,no GI,GI,no GI,no GI,A375,2CP,FUS_TAF15
-2.68070166047851,1.2774677242358463,4.554042699680124,3.283570067561552,1.2704726321185724,0.0700579478480944,-0.0467469526474428,0.1,0.1666666666666666,0.1876687911065587,0.5941873010045187,0.2681794052285769,0.0,0.0,0.1111111111111111,2,0,1,0.57,no GI,no GI,no GI,no GI,A375,2CP,KLHL12_KLHL17
-1.7435817570984653,0.7042174113634279,7.967737684653869,3.907231441192572,4.0605062434612975,0.1187893599785752,-0.0347984834759912,0.2727272727272727,0.625,0.2723075769065602,0.4680851143571004,0.4323639083266539,0.0,0.0,0.4285714285714285,6,0,1,0.56,no GI,no GI,no GI,no GI,Meljuso,2CP sel,HABP4_SERBP1
-1.8986640388573048,1.1305343498659184,5.218453898826748,3.0733357494557536,2.1451181493709948,0.3629348101205463,0.2439615347634953,0.125,0.8,0.472341791366891,0.4854280752967851,0.5147107386174463,0.0,0.0,0.0,0,1,1,0.56,GI,GI,GI,no GI,Meljuso,2CP sel,SLC35A2_SLC35A3
-0.3022804283371119,0.2456805822823302,4.447056196809247,2.58568589142956,1.8613703053796875,0.0064941173203058,0.0421055459267087,0.4545454545454545,1.0,0.3701823319674441,0.3022467007964395,0.358734726980542,0.056,0.049,0.25,4,1,1,0.56,no GI,GI,no GI,no GI,Meljuso,2CP sel,ATP11A_ATP11C
-3.255002158248673,1.0071017005477063,5.402507103918993,4.996373943905933,0.4061331600130602,0.3850097644272904,0.0789439950058199,0.1935483870967742,0.6363636363636364,0.141744674702346,0.3902385862757622,0.3528740048713609,0.0,0.0,0.1764705882352941,3,0,1,0.56,no GI,no GI,no GI,no GI,A375,2CP,PPP2CA_PPP2CB
1.0096813253514056,1.2449381768585497,8.037086890075066,3.041648532785896,4.995438357289171,0.472218350377901,0.1943011258360477,0.4,0.7777777777777778,0.28029230011871,0.4753023168396529,0.3619394981012866,0.051,0.244,0.4285714285714285,6,1,1,0.56,GI,GI,no GI,no GI,Meljuso,2CP sel,TPM2_TPM4
-3.073788859528252,1.4091212078046105,9.547176682767914,0.3552686129457711,9.191908069822142,0.1211042599936582,0.1232123263433879,0.6666666666666666,0.7142857142857143,0.5079129091989177,0.3415116490524164,0.3813434594232089,0.0,0.0,0.8181818181818182,9,0,1,0.56,no GI,no GI,no GI,no GI,A375,2CP,TUBA1C_TUBA4A
0.2794579685262763,0.505501123098077,5.020002930289189,4.817125708226296,0.2028772220628925,0.3962591904511507,0.0912741442229534,0.4,1.0,0.1507672923385402,0.8448703805846663,0.3934134100688941,0.0,0.0,0.6666666666666666,8,1,1,0.56,no GI,GI,no GI,no GI,A375,2CP,NDFIP1_NDFIP2
0.7385235080667076,0.2935874464820531,6.336093085291865,4.959425776996087,1.3766673082957777,0.2304949144732183,0.0878591643842606,0.5,0.5,0.2253937934212293,0.8448703805846663,0.4304980069298215,0.0,0.0,0.0526315789473684,1,0,1,0.56,no GI,no GI,no GI,no GI,Meljuso,2CP sel,PLIN2_PLIN3
-0.4429822825756633,0.4853211103345808,8.65154813337038,6.670533276212591,1.9810148571577884,0.3861609031513269,0.1034764831391605,0.4545454545454545,0.6363636363636364,0.2775186596817943,0.4118727462962297,0.4500939735534712,0.0,0.0,0.0526315789473684,1,1,1,0.55,no GI,GI,no GI,no GI,Meljuso,2CP sel,FUS_TAF15
-2.4848260236300286,1.3516068837576425,6.768420360985531,2.823371097720898,3.945049263264633,0.0453056433119431,-0.0254908748346795,0.75,0.6666666666666666,0.4541674778040572,0.4857262847817931,0.2845790027783836,0.0,0.0,0.5384615384615384,7,0,1,0.55,no GI,no GI,no GI,no GI,A375,2CP,ATP6V1E1_ATP6V1E2
-1.8726266763729829,0.3227849789553545,7.819735085725024,4.248667494157657,3.571067591567367,-0.0176220842496168,0.0043069478085938,0.6,0.75,0.5064023035586468,0.5062709806054057,0.3491345645691327,0.0,0.0,0.3333333333333333,5,1,1,0.55,no GI,GI,no GI,no GI,A375,2CP,PSMB6_PSMB9
-1.1278731056632865,0.2152161644142829,11.355290285549586,6.952949442479982,4.402340843069604,0.2643934200164081,-0.0279757094839968,0.2727272727272727,0.3571428571428571,0.1737644816431772,0.2936348818478915,0.4386703546617836,0.0,0.0,0.5384615384615384,7,0,1,0.55,no GI,no GI,no GI,no GI,Meljuso,2CP sel,ENO1_ENO2
0.3636665911413279,0.3395521803398689,6.23954603379358,1.27641819056829,4.9631278432252905,0.2485707362313898,0.1511032468714699,0.1,0.2857142857142857,0.2652705292923583,0.3121627171250786,0.3838616259969634,0.0,0.0,0.0526315789473684,1,0,1,0.55,no GI,no GI,no GI,no GI,A375,2CP,GPRC5A_GPRC5B
-1.1943948636021051,0.8413298942112841,7.338778206778414,5.23312179165947,2.1056564151189443,0.446035426904761,-0.1000485003975658,0.0476190476190476,0.625,0.2075936894368054,0.599871855006808,0.4387142480748036,0.0,0.0,0.0526315789473684,1,0,1,0.54,no GI,no GI,no GI,no GI,Meljuso,2CP sel,FUBP3_KHSRP
-2.0074481309627323,1.0191988783943755,5.5172986805243625,3.171685641078992,2.3456130394453707,0.3629348101205463,0.2439615347634953,0.125,0.8,0.472341791366891,0.4854280752967851,0.5147107386174463,0.0,0.0,0.0,0,1,1,0.54,no GI,GI,GI,no GI,A375,2CP,SLC35A2_SLC35A3
-0.2031546353531922,0.5459347279161187,4.037814396550181,3.142916465369018,0.8948979311811631,0.2489276096990123,0.1063102794362077,0.2857142857142857,0.8333333333333334,0.266024953679387,0.4546673760344574,0.5217986182486805,0.0,0.0,0.8181818181818182,9,1,1,0.54,no GI,GI,no GI,no GI,Meljuso,2CP sel,USP12_USP46
-0.8624761162459228,0.5330673352911874,5.574032196576988,3.6335194115196434,1.940512785057345,0.3268918411091837,0.1390482549491528,1.0,1.0,0.5379592943000683,0.6068249258160238,0.484717233755867,0.0,0.0,0.8181818181818182,9,0,1,0.54,no GI,no GI,no GI,no GI,Meljuso,2CP sel,SEC22A_SEC22C
-2.415768980936788,1.0878195137668176,8.627614539065858,3.0642908663555075,5.56332367271035,0.1187893599785752,-0.0347984834759912,0.2727272727272727,0.625,0.2723075769065602,0.4680851143571004,0.4323639083266539,0.0,0.0,0.4285714285714285,6,0,1,0.54,no GI,no GI,no GI,no GI,A375,2CP,HABP4_SERBP1
1.205372963580024,0.973767491246333,5.304191129142839,5.266829652878239,0.0373614762645999,0.2311481750092147,-0.0200389732020617,0.7857142857142857,0.0,0.2518466818073019,0.0,0.4965481098030513,0.0,0.155,0.4285714285714285,6,1,1,0.54,no GI,GI,no GI,no GI,Meljuso,2CP sel,BCL7B_BCL7C
0.564681661918228,1.1263331903394251,2.166118571689615,1.2707724909409643,0.8953460807486509,0.5312487087977719,0.0759326654852211,1.0,1.0,0.9682073684515522,0.3988881827271749,1.0,0.069,0.48,0.1764705882352941,3,0,1,0.54,no GI,no GI,no GI,no GI,A375,2CP,ZFP30_ZNF605
-5.167845743130444,1.1801888513620271,11.345423463287156,4.895737552524146,6.4496859107630105,0.2643934200164081,-0.0279757094839968,0.2727272727272727,0.3571428571428571,0.1737644816431772,0.2936348818478915,0.4386703546617836,0.0,0.0,0.5384615384615384,7,0,1,0.54,no GI,no GI,no GI,no GI,A375,2CP,ENO1_ENO2
-1.3545368314333388,0.7399150467848645,5.236659774546581,0.1113979348509879,5.125261839695593,0.0621017560513048,0.0045078201876803,0.2857142857142857,1.0,0.2792165541311807,0.587696902916132,0.4154499955723288,0.054,0.0,0.1111111111111111,2,1,1,0.54,no GI,GI,no GI,no GI,Meljuso,2CP sel,PTPRA_PTPRE
-2.9712962457346963,0.6231918894067485,4.327664770981457,2.866479411115482,1.4611853598659748,0.1166210931762631,-0.0981275450947523,0.5714285714285714,0.5,0.6271014355216721,0.8009554140127388,0.413561663948081,0.0,0.0,0.6666666666666666,8,1,1,0.54,no GI,GI,no GI,no GI,A375,2CP,NXT1_NXT2
0.5475335638011118,0.3638505677575419,5.6227986124504135,5.437427271654296,0.1853713407961175,0.1592811849047825,0.0900754928332081,0.3333333333333333,0.625,0.1832179723907042,0.4727717439657122,0.4257194007787646,0.0,0.0,0.25,4,0,1,0.54,no GI,no GI,no GI,no GI,Meljuso,2CP sel,LYPLA1_LYPLA2
0.8809164169353743,0.2930328798373665,6.696234438621179,3.243072456890675,3.453161981730504,0.0752120835174588,0.0654714656573414,0.046875,0.1818181818181818,0.1733766895170269,0.4413015751453051,0.3408767081304498,0.0,0.0,0.0526315789473684,1,1,1,0.54,no GI,GI,no GI,no GI,Meljuso,2CP sel,CD2AP_SH3KBP1
-1.10795815879745,0.8085847454335202,8.633163987309036,6.724399747975392,1.908764239333644,0.3756858320312789,-0.0156581484284113,0.7142857142857143,0.75,0.3638181131087931,0.6186100001157995,0.3864621021296108,0.0,0.0,0.5384615384615384,7,0,1,0.53,no GI,no GI,no GI,no GI,Meljuso,2CP sel,CBX1_CBX3
0.7334562502385358,0.0491807653453144,6.225258988010311,5.84918956959375,0.3760694184165611,0.1780766819428462,0.112717279752428,0.1785714285714285,0.6666666666666666,0.1589915921239511,0.5537236469106133,0.3473044380534022,0.0,0.0,0.0526315789473684,1,0,1,0.53,no GI,no GI,no GI,no GI,Meljuso,2CP sel,PLXNB2_PLXND1
-1.0241256151759297,0.8794486983322601,4.389528176402391,3.297369684098057,1.0921584923043337,0.3774320101919935,0.1984875247122831,0.2857142857142857,0.8125,0.2390460360741559,0.3661357153985756,0.3915838750258676,0.0,0.0,0.0526315789473684,1,1,1,0.53,no GI,GI,no GI,no GI,Meljuso,2CP sel,PURA_PURB
-1.116591429357736,0.9293733154951592,6.774778500268422,2.1940563277911296,4.580722172477293,0.210063216041551,0.1111247508555937,0.5,0.6,0.2761159443756054,0.542612659453285,0.3883303118168486,0.0,0.0,0.3333333333333333,5,1,1,0.53,no GI,GI,no GI,no GI,Meljuso,2CP sel,NAPA_NAPB
-0.3839436721687987,0.7683786775312345,9.137375469687704,4.877939391173033,4.259436078514671,-0.0649889187878148,0.071596657465722,0.2222222222222222,0.4615384615384615,0.1866018891612859,0.287619522336286,0.3815794414544309,0.059,0.049,0.3333333333333333,5,1,1,0.53,no GI,GI,no GI,no GI,A375,2CP,NME1_NME3
-0.1295202388362508,0.0388331362386598,6.241839113803311,0.3960082746788274,5.845830839124484,-0.2619656195511238,0.0425667461560395,0.0842105263157894,0.3684210526315789,0.1511533669470171,0.3319351204016388,0.3803946560983513,0.0,0.0,0.0526315789473684,1,0,1,0.52,no GI,no GI,no GI,no GI,A375,2CP,PTPN11_PTPN6
1.0861070507713224,0.2053779151816879,6.907000082760299,6.505440219435641,0.4015598633246577,0.2719909358684593,0.082860567642566,0.1578947368421052,0.3636363636363636,0.2156773915381306,0.2641973258720166,0.3728208273559687,0.053,0.269,0.5384615384615384,7,1,1,0.52,no GI,GI,no GI,no GI,A375,2CP,VDAC2_VDAC3
-0.1179249338210684,0.4782232704241753,5.559269018346371,2.615690651587719,2.943578366758652,-0.0736303877725951,-0.0850353626679905,0.4,0.7,0.4029494811909031,0.3482253854341219,0.5768853196688567,0.0,0.0,0.8181818181818182,9,1,1,0.52,no GI,GI,no GI,no GI,Meljuso,2CP sel,ME2_ME3
0.1209789769466177,0.0931769697725396,8.992813962637184,1.7641770149154845,7.2286369477217,0.1868840206693705,0.0004904985672189,0.3333333333333333,0.25,0.3856615459976332,0.6975126186357352,0.4301009412176291,0.0,0.0,0.1111111111111111,2,0,1,0.52,no GI,no GI,no GI,no GI,A375,2CP,TAGLN_TAGLN2
0.0017437565033556,0.1666876327868767,4.051580855022631,2.6351271746646376,1.4164536803579932,0.4014558549114132,0.0896303899193146,0.2307692307692307,0.5454545454545454,0.2186721145718298,0.374914256584139,0.5419232507432282,0.0,0.0,0.25,4,1,1,0.52,no GI,GI,no GI,no GI,Meljuso,2CP sel,KDM4A_KDM4B
-2.12347983024804,1.2213195828175882,5.693345131401849,4.129571512101369,1.5637736193004803,0.3762501316174707,0.0816151162867771,0.1538461538461538,0.3333333333333333,0.1961688475970338,0.3138363261403422,0.3050970545239165,0.05,0.058,0.25,4,1,1,0.52,GI,GI,no GI,no GI,Meljuso,2CP sel,RAB8A_RAB8B
0.618872631889406,0.1384544311172717,4.236698042038896,2.863787227756708,1.3729108142821884,0.2277624704144675,0.0575175803517579,0.2,0.5625,0.2424335362375027,0.3425672012126907,0.4588040941554672,0.0,0.0,0.5384615384615384,7,0,1,0.51,no GI,no GI,no GI,no GI,Meljuso,2CP sel,ELK1_ELK4
1.1892229872391056,0.6767046955004703,6.764318643581406,2.785130005937974,3.979188637643432,0.2109504401042868,0.013115010441703,0.5555555555555556,0.5,0.3791416174224216,0.590457804743519,0.3643788776033596,0.0,0.0,0.4285714285714285,6,0,1,0.51,no GI,no GI,no GI,no GI,Meljuso,2CP sel,AP1S1_AP1S3
-0.0654506235786283,0.0632283045783741,4.691584195042659,2.648003830232932,2.043580364809728,0.2891511128546321,0.0155308447804559,0.1666666666666666,0.3333333333333333,0.3335527616201558,0.4048323438865389,0.373200197745534,0.0,0.0,0.8181818181818182,9,0,1,0.51,no GI,no GI,no GI,no GI,Meljuso,2CP sel,GNB3_GNB4
0.2405999617130533,0.3051678794319689,5.84918956959375,5.83561510205117,0.0135744675425799,0.3369364387670316,0.0520662978825983,0.2727272727272727,0.4,0.1798861543285069,0.484040588154164,0.4430854083001516,0.0,0.0,0.5384615384615384,7,0,1,0.51,no GI,no GI,no GI,no GI,Meljuso,2CP sel,PLXNB2_PLXNB3
-2.1532641856195607,1.1442165628316827,6.784924474285837,6.750368292909769,0.0345561813760673,0.4137375967971409,-0.0261321210010579,0.2,0.5454545454545454,0.1596688842957914,0.4796555211865195,0.3618593957899027,0.0,0.0,0.25,4,0,1,0.51,no GI,no GI,no GI,no GI,A375,2CP,EIF4E_EIF4E2
-0.9091096575649176,0.2045030673760165,7.119422213664636,5.737117467211816,1.38230474645282,0.3802991109932309,0.0316534317687588,0.3529411764705882,0.3636363636363636,0.1846120963893511,0.5323803160172766,0.317944534894751,0.051,0.055,0.5384615384615384,7,1,1,0.51,no GI,GI,no GI,no GI,Meljuso,2CP sel,SNX12_SNX3
0.8553336787955518,0.8376887907028246,3.434460130630357,2.7398007754057394,0.6946593552246174,0.4165239379788695,0.0582421841019649,1.0,0.6666666666666666,0.9682073684515522,0.36314339401202,1.0,0.093,0.457,0.0714285714285714,1,0,1,0.51,no GI,no GI,no GI,no GI,A375,2CP,ZNF37A_ZNF621
-3.497061304215873,1.3471220332771918,6.447566034491517,4.8366923276010825,1.6108737068904349,0.4599753715075179,0.0193986707244288,0.3333333333333333,0.4,0.3080200795508818,0.608243817737193,0.496474372862714,0.0,0.0,0.4285714285714285,6,0,1,0.51,no GI,no GI,no GI,no GI,A375,2CP,IPO7_IPO8
0.052012359297071,0.0092403376721829,8.551627901812358,0.8843819137547859,7.667245988057572,0.1868840206693705,0.0004904985672189,0.3333333333333333,0.25,0.3856615459976332,0.6975126186357352,0.4301009412176291,0.0,0.0,0.1111111111111111,2,0,1,0.51,no GI,no GI,no GI,no GI,Meljuso,2CP sel,TAGLN_TAGLN2
0.4538555493496612,0.9331128308159196,5.598699330907105,3.5245077907054165,2.0741915402016886,0.4854515558635716,0.7069426719532479,0.0714285714285714,0.3846153846153846,0.0935999180345388,0.37500036620679,0.3918001429840355,0.0,0.0,0.1764705882352941,3,1,1,0.51,no GI,GI,GI,no GI,A375,2CP,EXT2_EXTL3
-0.1176382852527896,0.4748455897728105,4.986099232548396,0.5832640621663732,4.402835170382023,0.5707291088409748,0.1400219846167794,0.3243243243243243,0.3333333333333333,0.1634843624573443,0.3591874887510566,0.3593551433034239,0.0,0.0,0.4285714285714285,6,0,1,0.51,no GI,no GI,no GI,no GI,A375,2CP,CASP1_CASP4
0.5184671159717409,0.6890411321850564,5.98841718836804,3.2589588628593145,2.729458325508726,0.1568093769401184,0.0117386139026141,0.125,0.3846153846153846,0.1640870990347249,0.3416823458471487,0.4152596241725837,0.0,0.0,0.5384615384615384,7,0,1,0.51,no GI,no GI,no GI,no GI,A375,2CP,FKBP4_FKBP5
